Product Name,Rating,Rating Info,RAM/ROM,Display,Camera,Battery,Processor,Warranty,Price,Original Price,Offer,Deals,Exchangable_amount
Apple Watch SE 2,,,1 GB|32 GB,1.78 inch Display,,Li-Ion 296 mAh Battery,Apple S8 Processor,1 Year,Not Available,,,,
Apple Watch SE 3,,,,1.78 inch Display,,,Apple S10 Processor,1 Year,Not Available,,,,
Apple Watch Series 10,,,,1.96 inch Display,,Li-Ion 327 mAh Battery,Apple S10 Processor,1 Year,Not Available,,,,
Apple Watch Series 10 Aluminum,,,,1.96 inch Display,,Li-Ion 327 mAh Battery,Apple S10 Processor,1 Year,Not Available,,,,
Apple Watch Series 11,,,,1.96 inch Display,,,Apple S10 Processor,1 Year,Not Available,,,,
Apple Watch Series 11 Aluminum,,,,1.96 inch Display,,,Apple S10 Processor,1 Year,Not Available,,,,
Apple Watch Series 8,,,1 GB|32 GB,1.9 inch Display,,Li-Ion 308 mAh Battery,Apple S8 Processor,1 Year,Not Available,,,,
Apple Watch Series 8 Aluminum,,,1 GB|32 GB,1.9 inch Display,,Li-Ion 308 mAh Battery,Apple S8 Processor,1 Year,Not Available,,,,
Apple Watch Series 9,,,,1.9 inch Display,,Li-Ion 308 mAh Battery,Apple S9 Processor,1 Year,Not Available,,,,
Apple Watch Series 9 Aluminum,,,,1.9 inch Display,,Li-Ion 308 mAh Battery,Apple S9 Processor,1 Year,Not Available,,,,
Apple Watch Ultra,,,,1.92 inch Display,,Li-Ion 542 mAh Battery,Apple S8 Processor,1 Year,Not Available,,,,
Apple Watch Ultra 2,,,,1.92 inch Display,,Li-Ion 564 mAh Battery,Apple S9 Processor,1 Year,Not Available,,,,
Apple Watch Ultra 3,,,,1.98 inch Display,,Li-Ion 599 mAh Battery,Apple S10 Processor,1 Year,Not Available,,,,
Apple iPad (2022),,,4 GB|64 GB,"10.9 inch, 359.2 cm 2 (~80.5% screen-to-body ratio) Display","12 MP, f/1.8, (wide), PDAF Rear Camera",Li-Po 7606 mAh (28.6 Wh) Battery,Apple A14 Bionic (5 nm) Processor,1 Year,Not Available,,,,
Apple iPad (2025),,,6 GB|128 GB,"11.0 inch, 357.6 cm 2 (~80.1% screen-to-body ratio) Display","12 MP, f/1.8, (wide), PDAF Rear Camera",,Apple A16 Bionic (4 nm) Processor,1 Year,Not Available,,,,
Apple iPad Air (2022),,,8 GB|64 GB,"10.9 inch, 359.2 cm 2 (~81.3% screen-to-body ratio) Display","12 MP, f/1.8, (wide), 1/3.0"", 1.22µm, dual pixel PDAF Rear Camera",Li-Ion 7600 mAh (28.6 Wh) Battery,Apple M1 Processor,1 Year,Not Available,,,,
Apple iPad Air 11 (2024),,,8 GB|128 GB,"11.0 inch, 357.6 cm 2 (~80.9% screen-to-body ratio) Display","12 MP, f/1.8, (wide), 1/3.0"", 1.22µm, dual pixel PDAF Rear Camera",Li-Po 7606 mAh (28.93 Wh) Battery,Apple M2 Processor,1 Year,Not Available,,,,
Apple iPad Air 11 (2025),,,8 GB|128 GB,"11.0 inch, 357.6 cm 2 (~80.9% screen-to-body ratio) Display","12 MP, f/1.8, (wide), 1/3.0"", 1.22µm, dual pixel PDAF Rear Camera",Li-Po 7606 mAh (28.93 Wh) Battery,Apple M3 Processor,1 Year,Not Available,,,,
Apple iPad Air 11 (2026),,,12 GB|128 GB,"11.0 inch, 357.6 cm 2 (~80.9% screen-to-body ratio) Display","12 MP, f/1.8, (wide), 1/3.0"", 1.22µm, dual pixel PDAF Rear Camera",Li-Po 7606 mAh (28.93 Wh) Battery,Apple M4 Processor,1 Year,Not Available,,,,
Apple iPad Air 13 (2024),,,8 GB|128 GB,"13.0 inch, 519.3 cm 2 (~86.1% screen-to-body ratio) Display","12 MP, f/1.8, (wide), 1/3.0"", 1.22µm, dual pixel PDAF Rear Camera",Li-Po 9705 mAh (36.59 Wh) Battery,Apple M2 Processor,1 Year,Not Available,,,,
Apple iPad Air 13 (2025),,,8 GB|128 GB,"13.0 inch, 519.3 cm 2 (~86.1% screen-to-body ratio) Display","12 MP, f/1.8, (wide), 1/3.0"", 1.22µm, dual pixel PDAF Rear Camera",Li-Po 9705 mAh (36.59 Wh) Battery,Apple M3 Processor,1 Year,Not Available,,,,
Apple iPad Air 13 (2026),,,12 GB|128 GB,"13.0 inch, 519.3 cm 2 (~86.1% screen-to-body ratio) Display","12 MP, f/1.8, (wide), 1/3.0"", 1.22µm, dual pixel PDAF Rear Camera",Li-Po 9705 mAh (36.59 Wh) Battery,Apple M4 Processor,1 Year,Not Available,,,,
Apple iPad Pro 11 (2022),,,8 GB|128 GB,"11.0 inch, 366.5 cm 2 (~82.9% screen-to-body ratio) Display","12 MP, f/1.8, (wide), 1/3.0"", 1.22µm, dual pixel PDAF 10 MP, f/2.4, 125˚ (ultrawide) TOF 3D LiDAR scanner (depth) Rear Camera",Li-Po 7538 mAh (28.65 Wh) Battery,Apple M2 Processor,1 Year,Not Available,,,,
Apple iPad Pro 11 (2024),,,8 GB|256 GB,"11.0 inch, 373.1 cm 2 (~84.2% screen-to-body ratio) Display","12 MP, f/1.8, (wide), dual pixel PDAF TOF 3D LiDAR scanner (depth) Rear Camera",Li-Po 8160 mAh Battery,Apple M4 Processor,1 Year,Not Available,,,,
Apple iPad Pro 11 (2025),,,12 GB|256 GB,"11.0 inch, 364.8 cm 2 (~82.3% screen-to-body ratio) Display","12 MP, f/1.8, (wide), dual pixel PDAF TOF 3D LiDAR scanner (depth) Rear Camera",Li-Po 8160 mAh Battery,Apple M5 Processor,1 Year,Not Available,,,,
Apple iPad Pro 12.9 (2022),,,8 GB|128 GB,"12.9 inch, 515.3 cm 2 (~85.4% screen-to-body ratio) Display","12 MP, f/1.8, (wide), 1/3.0"", 1.22µm, dual pixel PDAF 10 MP, f/2.4, 125˚ (ultrawide) TOF 3D LiDAR scanner (depth) Rear Camera",Li-Po 10758 mAh (40.88 Wh) Battery,Apple M2 Processor,1 Year,Not Available,,,,
Apple iPad Pro 13 (2024),,,8 GB|256 GB,"13.0 inch, 527.3 cm 2 (~86.9% screen-to-body ratio) Display","12 MP, f/1.8, (wide), dual pixel PDAF TOF 3D LiDAR scanner (depth) Rear Camera",Li-Po 10290 mAh Battery,Apple M4 Processor,1 Year,Not Available,,,,
Apple iPad Pro 13 (2025),,,12 GB|256 GB,"13.0 inch, 523.4 cm 2 (~86.2% screen-to-body ratio) Display","12 MP, f/1.8, (wide), dual pixel PDAF TOF 3D LiDAR scanner (depth) Rear Camera",Li-Po 10290 mAh Battery,Apple M5 Processor,1 Year,Not Available,,,,
Apple iPad mini (2024),,,8 GB|128 GB,"8.3 inch, 203.9 cm 2 (~77.4% screen-to-body ratio) Display","12 MP, f/1.8, (wide), AF Rear Camera",Li-Ion 5078 mAh (19.3 Wh) Battery,Apple A17 Pro (3 nm) Processor,1 Year,Not Available,,,,
Apple iPhone 13 Pro,,,6 GB|128 GB,"6.1 inch, 90.2 cm 2 (~86.0% screen-to-body ratio) Display","12 MP, f/1.5, 26mm (wide), 1/1.7"", 1.9µm, dual pixel PDAF, sensor-shift OIS 12 MP, f/2.8, 77mm (telephoto), PDAF, 1/3.4"", 1.0µm, OIS, 3x optical zoom 12 MP, f/1.8, 13mm, 120˚ (ultrawide), 1/3.4"", 1.0µm, PDAF TOF 3D LiDAR scanner (depth) Rear Camera",Li-Ion 3095 mAh (12.11 Wh) Battery,Apple A15 Bionic (5 nm) Processor,1 Year,Not Available,,,,
Apple iPhone 13 Pro Max,,,6 GB|128 GB,"6.7 inch, 109.8 cm 2 (~87.4% screen-to-body ratio) Display","12 MP, f/1.5, 26mm (wide), 1/1.7"", 1.9µm, dual pixel PDAF, sensor-shift OIS 12 MP, f/2.8, 77mm (telephoto), PDAF, 1/3.4"", 1.0µm, OIS, 3x optical zoom 12 MP, f/1.8, 13mm, 120˚ (ultrawide), 1/3.4"", 1.0µm, PDAF TOF 3D LiDAR scanner (depth) Rear Camera",Li-Ion 4352 mAh (16.75 Wh) Battery,Apple A15 Bionic (5 nm) Processor,1 Year,Not Available,,,,
Apple iPhone 14,,,6 GB|128 GB,"6.1 inch, 90.2 cm 2 (~86.0% screen-to-body ratio) Display","12 MP, f/1.5, 26mm (wide), 1/1.7"", 1.9µm, dual pixel PDAF, sensor-shift OIS 12 MP, f/2.4, 13mm, 120˚ (ultrawide) Rear Camera",Li-Ion 3279 mAh (12.68 Wh) Battery,Apple A15 Bionic (5 nm) Processor,1 Year,Not Available,,,,
Apple iPhone 14 Plus,,,6 GB|128 GB,"6.7 inch, 109.8 cm 2 (~87.4% screen-to-body ratio) Display","12 MP, f/1.5, 26mm (wide), 1/1.7"", 1.9µm, dual pixel PDAF, sensor-shift OIS 12 MP, f/2.4, 13mm, 120˚ (ultrawide) Rear Camera",Li-Ion 4323 mAh (16.68 Wh) Battery,Apple A15 Bionic (5 nm) Processor,1 Year,Not Available,,,,
Apple iPhone 14 Pro,,,6 GB|128 GB,"6.1 inch, 91.7 cm 2 (~87.0% screen-to-body ratio) Display","48 MP, f/1.8, 24mm (wide), 1/1.28"", 1.22µm, dual pixel PDAF, sensor-shift OIS 12 MP, f/2.8, 77mm (telephoto), 1/3.5"", 1.0µm, PDAF, OIS, 3x optical zoom 12 MP, f/2.2, 13mm, 120˚ (ultrawide), 1/2.55"", 1.4µm, dual pixel PDAF TOF 3D LiDAR scanner (depth) Rear Camera",Li-Ion 3200 mAh (12.38 Wh) Battery,Apple A16 Bionic (4 nm) Processor,1 Year,Not Available,,,,
Apple iPhone 14 Pro Max,,,6 GB|128 GB,"6.7 inch, 110.2 cm 2 (~88.3% screen-to-body ratio) Display","48 MP, f/1.8, 24mm (wide), 1/1.28"", 1.22µm, dual pixel PDAF, sensor-shift OIS 12 MP, f/2.8, 77mm (telephoto), 1/3.5"", 1.0µm, PDAF, OIS, 3x optical zoom 12 MP, f/2.2, 13mm, 120˚ (ultrawide), 1/2.55"", 1.4µm, dual pixel PDAF TOF 3D LiDAR scanner (depth) Rear Camera",Li-Ion 4323 mAh (16.68 Wh) Battery,Apple A16 Bionic (4 nm) Processor,1 Year,Not Available,,,,
Apple iPhone 15,,,6 GB|128 GB,"6.1 inch, 91.3 cm 2 (~86.4% screen-to-body ratio) Display","48 MP, f/1.6, 26mm (wide), 1/1.56"", 1.0µm, dual pixel PDAF, sensor-shift OIS 12 MP, f/2.4, 13mm, 120˚ (ultrawide), 0.7µm Rear Camera",Li-Ion 3349 mAh Battery,Apple A16 Bionic (4 nm) Processor,1 Year,Not Available,,,,
Apple iPhone 15 Plus,,,6 GB|128 GB,"6.7 inch, 110.2 cm 2 (~88.0% screen-to-body ratio) Display","48 MP, f/1.6, 26mm (wide), 1/1.56"", 1.0µm, dual pixel PDAF, sensor-shift OIS 12 MP, f/2.4, 13mm, 120˚ (ultrawide), 0.7µm Rear Camera",Li-Ion 4383 mAh Battery,Apple A16 Bionic (4 nm) Processor,1 Year,Not Available,,,,
Apple iPhone 15 Pro,,,8 GB|128 GB,"6.1 inch, 91.3 cm 2 (~88.2% screen-to-body ratio) Display","48 MP, f/1.8, 24mm (wide), 1/1.28"", 1.22µm, dual pixel PDAF, sensor-shift OIS 12 MP, f/2.8, 77mm (telephoto), 1/3.5"", 1.0µm, PDAF, OIS, 3x optical zoom 12 MP, f/2.2, 13mm, 120˚ (ultrawide), 1/2.55"", 1.4µm, dual pixel PDAF TOF 3D LiDAR scanner (depth) Rear Camera",Li-Ion 3274 mAh Battery,Apple A17 Pro (3 nm) Processor,1 Year,Not Available,,,,
Apple iPhone 15 Pro Max,,,8 GB|256 GB,"6.7 inch, 110.2 cm 2 (~89.8% screen-to-body ratio) Display","48 MP, f/1.8, 24mm (wide), 1/1.28"", 1.22µm, dual pixel PDAF, sensor-shift OIS 12 MP, f/2.8, 120mm (periscope telephoto), 1/3.06"", 1.12µm, dual pixel PDAF, 3D sensor‑shift OIS, 5x optical zoom 12 MP, f/2.2, 13mm, 120˚ (ultrawide), 1/2.55"", 1.4µm, dual pixel PDAF TOF 3D LiDAR scanner (depth) Rear Camera",Li-Ion 4441 mAh Battery,Apple A17 Pro (3 nm) Processor,1 Year,Not Available,,,,
Apple iPhone 16,,,8 GB|128 GB,"6.1 inch, 91.7 cm 2 (~86.8% screen-to-body ratio) Display","48 MP, f/1.6, 26mm (wide), 1/1.56"", 1.0µm, dual pixel PDAF, sensor-shift OIS 12 MP, f/2.2, 13mm, 120˚ (ultrawide), 0.7µm, dual pixel PDAF Rear Camera",Li-Ion 3561 mAh Battery,Apple A18 (3 nm) Processor,1 Year,Not Available,,,,
Apple iPhone 16 Plus,,,8 GB|128 GB,"6.7 inch, 110.2 cm 2 (~88.0% screen-to-body ratio) Display","48 MP, f/1.6, 26mm (wide), 1/1.56"", 1.0µm, dual pixel PDAF, sensor-shift OIS 12 MP, f/2.2, 13mm, 120˚ (ultrawide), 0.7µm, dual pixel PDAF Rear Camera",Li-Ion 4674 mAh Battery,Apple A18 (3 nm) Processor,1 Year,Not Available,,,,
Apple iPhone 16 Pro,,,8 GB|128 GB,"6.3 inch, 96.4 cm 2 (~90.1% screen-to-body ratio) Display","48 MP, f/1.8, 24mm (wide), 1/1.28"", 1.22µm, dual pixel PDAF, sensor-shift OIS 12 MP, f/2.8, 120mm (periscope telephoto), 1/3.06"", 1.12µm, dual pixel PDAF, 3D sensor‑shift OIS, 5x optical zoom 48 MP, f/2.2, 13mm (ultrawide), 1/2.55"", 0.7µm, PDAF TOF 3D LiDAR scanner (depth) Rear Camera",Li-Ion 3582 mAh Battery,Apple A18 Pro (3 nm) Processor,1 Year,Not Available,,,,
Apple iPhone 16 Pro Max,,,8 GB|256 GB,"6.9 inch, 115.6 cm 2 (~91.4% screen-to-body ratio) Display","48 MP, f/1.8, 24mm (wide), 1/1.28"", 1.22µm, dual pixel PDAF, sensor-shift OIS 12 MP, f/2.8, 120mm (periscope telephoto), 1/3.06"", 1.12µm, dual pixel PDAF, 3D sensor‑shift OIS, 5x optical zoom 48 MP, f/2.2, 13mm (ultrawide), 1/2.55"", 0.7µm, PDAF TOF 3D LiDAR scanner (depth) Rear Camera",Li-Ion 4685 mAh Battery,Apple A18 Pro (3 nm) Processor,1 Year,Not Available,,,,
Apple iPhone 16e,,,8 GB|128 GB,"6.1 inch, 90.2 cm 2 (~86.0% screen-to-body ratio) Display","48 MP, f/1.6, 26mm (wide), 1/2.55"", 0.7µm, PDAF, OIS Rear Camera",Li-Ion 4005 mAh Battery,Apple A18 (3 nm) Processor,1 Year,Not Available,,,,
Apple iPhone 17,,,8 GB|256 GB,"6.3 inch, 96.4 cm 2 (~90.1% screen-to-body ratio) Display","48 MP, f/1.6, 26mm (wide), 1/1.56"", 1.0µm, dual pixel PDAF, sensor-shift OIS 48 MP, f/2.2, 13mm, 120˚ (ultrawide), 1/2.55"", 0.7µm, PDAF Rear Camera",Li-Ion 3692 mAh Battery,Apple A19 (3 nm) Processor,1 Year,Not Available,,,,
Apple iPhone 17 Pro,,,12 GB|256 GB,"6.3 inch, 96.4 cm 2 (~89.4% screen-to-body ratio) Display","48 MP, f/1.8, 24mm (wide), 1/1.28"", 1.22µm, dual pixel PDAF, sensor-shift OIS 48 MP, f/2.8, 100mm (periscope telephoto), 1/2.55"", 0.7µm, PDAF, 3D sensor‑shift OIS, 4x optical zoom 48 MP, f/2.2, 13mm, 120˚ (ultrawide), 1/2.55"", 0.7µm, PDAF TOF 3D LiDAR scanner (depth) Rear Camera",Market-dependent versions: · Li-Ion 3998 mAh - Nano SIM model · Li-Ion 4252 mAh - eSIM only model Battery,Apple A19 Pro (3 nm) Processor,1 Year,Not Available,,,,
Apple iPhone 17 Pro Max,,,12 GB|256 GB,"6.9 inch, 115.6 cm 2 (~90.7% screen-to-body ratio) Display","48 MP, f/1.8, 24mm (wide), 1/1.28"", 1.22µm, dual pixel PDAF, sensor-shift OIS 48 MP, f/2.8, 100mm (periscope telephoto), 1/2.55"", 0.7µm, PDAF, 3D sensor‑shift OIS, 4x optical zoom 48 MP, f/2.2, 13mm, 120˚ (ultrawide), 1/2.55"", 0.7µm, PDAF TOF 3D LiDAR scanner (depth) Rear Camera",Market-dependent versions: · Li-Ion 4823 mAh - Nano SIM model · Li-Ion 5088 mAh - eSIM only model Battery,Apple A19 Pro (3 nm) Processor,1 Year,Not Available,,,,
Apple iPhone 17e,,,8 GB|256 GB,"6.1 inch, 90.2 cm 2 (~86.0% screen-to-body ratio) Display","48 MP, f/1.6, 26mm (wide), 1/2.55"", 0.7µm, PDAF, OIS Rear Camera",Li-Ion 4005 mAh Battery,Apple A19 (3 nm) Processor,1 Year,Not Available,,,,
Apple iPhone Air,,,12 GB|256 GB,"6.5 inch, 104.9 cm 2 (~89.9% screen-to-body ratio) Display","48 MP, f/1.6, 26mm (wide), 1/1.56"", 1.0µm, dual pixel PDAF, sensor-shift OIS Rear Camera",Li-Ion 3149 mAh Battery,Apple A19 Pro (3 nm) Processor,1 Year,Not Available,,,,
Apple iPhone SE (2022),,,4 GB|64 GB,"4.7 inch, 60.9 cm 2 (~65.4% screen-to-body ratio) Display","12 MP, f/1.8 (wide), PDAF, OIS Rear Camera",Li-Ion 2018 mAh (6.96 Wh) Battery,Apple A15 Bionic (5 nm) Processor,1 Year,Not Available,,,,
Asus Pad (T3201),,,8 GB|128 GB,"12.2 inch, 440.7 cm 2 (~89.1% screen-to-body ratio) Display","13 MP, (wide), AF Rear Camera",Li-Po 9000 mAh Battery,Mediatek Dimensity 8300 (4 nm) Processor,1 Year,Not Available,,,,
Asus ROG Phone 3,,,8 GB|128 GB,"6.59 inch, 106.6 cm 2 (~79.9% screen-to-body ratio) Display","64 MP, f/1.8, 26mm (wide), 1/1.73"", 0.8µm, PDAF 13 MP, f/2.4, 11mm, 125˚ (ultrawide) 5 MP (macro) Rear Camera",Li-Po 6000 mAh Battery,Qualcomm SM8250 Snapdragon 865 5G+ (7 nm+) Processor,1 Year,Not Available,,,,
Asus ROG Phone 3 Strix,,,8 GB|128 GB,"6.59 inch, 106.6 cm 2 (~79.9% screen-to-body ratio) Display","64 MP, f/1.8, 26mm (wide), 1/1.73"", 0.8µm, PDAF 13 MP, f/2.4, 11mm, 125˚ (ultrawide) 5 MP (macro) Rear Camera",Li-Po 6000 mAh Battery,Qualcomm SM8250 Snapdragon 865 5G (7 nm+) Processor,1 Year,Not Available,,,,
Asus ROG Phone 5,,,8 GB|128 GB,"6.78 inch, 109.5 cm 2 (~82.0% screen-to-body ratio) Display","64 MP, f/1.8, 26mm (wide), 1/1.73"", 0.8µm, PDAF 13 MP, f/2.4, 11mm, 125˚ (ultrawide) 5 MP (macro) Rear Camera",Li-Po 6000 mAh Battery,Qualcomm SM8350 Snapdragon 888 5G (5 nm) Processor,1 Year,Not Available,,,,
Asus ROG Phone 5 Pro,,,16 GB|512 GB,"6.78 inch, 109.5 cm 2 (~82.0% screen-to-body ratio) Display","64 MP, f/1.8, 26mm (wide), 1/1.73"", 0.8µm, PDAF 13 MP, f/2.4, 11mm, 125˚ (ultrawide) 5 MP (macro) Rear Camera",Li-Po 6000 mAh Battery,Qualcomm SM8350 Snapdragon 888 5G (5 nm) Processor,1 Year,Not Available,,,,
Asus ROG Phone 5 Ultimate,,,18 GB|512 GB,"6.78 inch, 109.5 cm 2 (~82.0% screen-to-body ratio) Display","64 MP, f/1.8, 26mm (wide), 1/1.73"", 0.8µm, PDAF 13 MP, f/2.4, 11mm, 125˚ (ultrawide) 5 MP (macro) Rear Camera",Li-Po 6000 mAh Battery,Qualcomm SM8350 Snapdragon 888 5G (5 nm) Processor,1 Year,Not Available,,,,
Asus ROG Phone 5s,,,8 GB|128 GB,"6.78 inch, 109.5 cm 2 (~82.0% screen-to-body ratio) Display","64 MP, f/1.8, 26mm (wide), 1/1.73"", 0.8µm, PDAF 13 MP, f/2.4, 11mm, 125˚ (ultrawide) 5 MP (macro) Rear Camera",Li-Po 6000 mAh Battery,Qualcomm SM8350 Snapdragon 888+ 5G (5 nm) Processor,1 Year,Not Available,,,,
Asus ROG Phone 5s Pro,,,18 GB|512 GB,"6.78 inch, 109.5 cm 2 (~82.0% screen-to-body ratio) Display","64 MP, f/1.8, 26mm (wide), 1/1.73"", 0.8µm, PDAF 13 MP, f/2.4, 11mm, 125˚ (ultrawide) 5 MP (macro) Rear Camera",Li-Po 6000 mAh Battery,Qualcomm SM8350 Snapdragon 888+ 5G (5 nm) Processor,1 Year,Not Available,,,,
Asus ROG Phone 6,,,8 GB|128 GB,"6.78 inch, 109.5 cm 2 (~82.2% screen-to-body ratio) Display","50 MP, f/1.9, (wide), 1/1.56"", 1.0µm, PDAF 13 MP, f/2.2, (ultrawide) 5 MP (macro) Rear Camera",Li-Po 6000 mAh Battery,Qualcomm SM8475 Snapdragon 8+ Gen 1 (4 nm) Processor,1 Year,Not Available,,,,
Asus ROG Phone 6 Batman Edition,,,12 GB|256 GB,"6.78 inch, 109.5 cm 2 (~82.2% screen-to-body ratio) Display","50 MP, f/1.9, 24mm (wide), 1/1.56"", 1.0µm, PDAF 13 MP, f/2.2, 13mm (ultrawide) 5 MP (macro) Rear Camera",Li-Po 6000 mAh Battery,Qualcomm SM8475 Snapdragon 8+ Gen 1 (4 nm) - USA Mediatek Dimensity 9000+ (4 nm) - International Processor,1 Year,Not Available,,,,
Asus ROG Phone 6 Diablo Immortal Edition,,,16 GB|512 GB,"6.78 inch, 109.5 cm 2 (~82.2% screen-to-body ratio) Display","50 MP, f/1.9, 24mm (wide), 1/1.56"", 1.0µm, PDAF 13 MP, f/2.2, 13mm (ultrawide) 5 MP (macro) Rear Camera",Li-Po 6000 mAh Battery,Qualcomm SM8475 Snapdragon 8+ Gen 1 (4 nm) Processor,1 Year,Not Available,,,,
Asus ROG Phone 6 Pro,,,18 GB|512 GB,"6.78 inch, 109.5 cm 2 (~82.2% screen-to-body ratio) Display","50 MP, f/1.9, (wide), 1/1.56"", 1.0µm, PDAF 13 MP, f/2.2, (ultrawide) 5 MP (macro) Rear Camera",Li-Po 6000 mAh Battery,Qualcomm SM8475 Snapdragon 8+ Gen 1 (4 nm) Processor,1 Year,Not Available,,,,
Asus ROG Phone 6D,,,12 GB|256 GB,"6.78 inch, 109.5 cm 2 (~82.2% screen-to-body ratio) Display","50 MP, f/1.9, 24mm (wide), 1/1.56"", 1.0µm, PDAF 13 MP, f/2.2, 13mm (ultrawide) 5 MP (macro) Rear Camera",Li-Po 6000 mAh Battery,Mediatek Dimensity 9000+ (4 nm) Processor,1 Year,Not Available,,,,
Asus ROG Phone 6D Ultimate,,,16 GB|512 GB,"6.78 inch, 109.5 cm 2 (~82.2% screen-to-body ratio) Display","50 MP, f/1.9, 24mm (wide), 1/1.56"", 1.0µm, PDAF 13 MP, f/2.2, 13mm (ultrawide) 5 MP (macro) Rear Camera",Li-Po 6000 mAh Battery,Mediatek Dimensity 9000+ (4 nm) Processor,1 Year,Not Available,,,,
Asus ROG Phone 7,,,12 GB|256 GB,"6.78 inch, 109.5 cm 2 (~82.2% screen-to-body ratio) Display","50 MP, f/1.9, 24mm (wide), 1/1.56"", 1.0µm, PDAF 13 MP, f/2.2, 13mm, 120˚ (ultrawide) 5 MP (macro) Rear Camera",Li-Po 6000 mAh Battery,Qualcomm SM8550-AB Snapdragon 8 Gen 2 (4 nm) Processor,1 Year,Not Available,,,,
Asus ROG Phone 7 Ultimate,,,16 GB|512 GB,"6.78 inch, 109.5 cm 2 (~82.2% screen-to-body ratio) Display","50 MP, f/1.9, 24mm (wide), 1/1.56"", 1.0µm, PDAF 13 MP, f/2.2, 13mm, 120˚ (ultrawide) 5 MP (macro) Rear Camera",Li-Po 6000 mAh Battery,Qualcomm SM8550-AB Snapdragon 8 Gen 2 (4 nm) Processor,1 Year,Not Available,,,,
Asus ROG Phone 8,,,12 GB|256 GB,"6.78 inch, 111.0 cm 2 (~88.2% screen-to-body ratio) Display","- International model - 50 MP, f/1.9, 24mm (wide), 1/1.56"", 1.0µm, PDAF, gimbal OIS 32 MP, f/2.4, (telephoto), 1/3.2"", 0.7µm, PDAF, OIS, 3x optical zoom 13 MP, f/2.2, 13mm, 120˚ (ultrawide), 1/3.0"", 1.12µm - SEA/China/India model - 50 MP, f/1.9, 24mm (wide), 1/1.56"", 1.0µm, PDAF, gimbal OIS 13 MP, f/2.2, 13mm, 120˚ (ultrawide), 1/3.0"", 1.12µm 5 MP (macro) Rear Camera",5500 mAh Battery,Qualcomm SM8650-AB Snapdragon 8 Gen 3 (4 nm) Processor,1 Year,Not Available,,,,
Asus ROG Phone 8 Pro,,,16 GB|512 GB,"6.78 inch, 111.0 cm 2 (~88.2% screen-to-body ratio) Display","50 MP, f/1.9, 24mm (wide), 1/1.56"", 1.0µm, PDAF, gimbal OIS 32 MP, f/2.4, (telephoto), 1/3.2"", 0.7µm, PDAF, OIS, 3x optical zoom 13 MP, f/2.2, 13mm, 120˚ (ultrawide) Rear Camera",5500 mAh Battery,Qualcomm SM8650-AB Snapdragon 8 Gen 3 (4 nm) Processor,1 Year,Not Available,,,,
Asus ROG Phone 9,,,12 GB|256 GB,"6.78 inch, 111.0 cm 2 (~88.2% screen-to-body ratio) Display","50 MP, f/1.9, 24mm (wide), 1/1.56"", 1.0µm, PDAF, gimbal OIS 13 MP, f/2.2, 13mm, 120˚ (ultrawide) 5 MP (macro) Rear Camera",5800 mAh Battery,Qualcomm SM8750-AB Snapdragon 8 Elite (3 nm) Processor,1 Year,Not Available,,,,
Asus ROG Phone 9 FE,,,16 GB|256 GB,"6.78 inch, 111.0 cm 2 (~88.2% screen-to-body ratio) Display","50 MP, f/1.9, 24mm (wide), 1/1.56"", 1.0µm, PDAF, gimbal OIS 13 MP, f/2.2, 13mm, 120˚ (ultrawide) 5 MP (macro) Rear Camera",5500 mAh Battery,Qualcomm SM8650-AB Snapdragon 8 Gen 3 (4 nm) Processor,1 Year,Not Available,,,,
Asus ROG Phone 9 Pro,,,16 GB|512 GB,"6.78 inch, 111.0 cm 2 (~88.2% screen-to-body ratio) Display","50 MP, f/1.9, 24mm (wide), 1/1.56"", 1.0µm, PDAF, gimbal OIS 32 MP, f/2.4, (telephoto), 1/3.2"", 0.7µm, PDAF, OIS, 3x optical zoom 13 MP, f/2.2, 13mm, 120˚ (ultrawide) Rear Camera",5800 mAh Battery,Qualcomm SM8750-AB Snapdragon 8 Elite (3 nm) Processor,1 Year,Not Available,,,,
Asus ROG Phone II ZS660KL,,,8 GB|128 GB,"6.59 inch, 106.6 cm 2 (~80.3% screen-to-body ratio) Display","48 MP, f/1.8, 26mm (wide), 1/2.0"", 0.8µm, PDAF 13 MP, f/2.4, 11mm (ultrawide) Rear Camera","Li-Po 6000 mAh, non-removable Battery",Qualcomm SM8150 Snapdragon 855+ (7 nm) Processor,1 Year,Not Available,,,,
Asus ROG Phone ZS600KL,,,8 GB|128 GB,"6.0 inch, 92.9 cm 2 (~76.8% screen-to-body ratio) Display","12 MP, f/1.8, 24mm (wide), 1/2.55"", 1.4µm, dual pixel PDAF, 4-axis OIS 8 MP, 12mm (ultrawide), no AF Rear Camera","Li-Ion 4000 mAh, non-removable Battery",Qualcomm SDM845 Snapdragon 845 (10 nm) Processor,1 Year,Not Available,,,,
Asus Smartphone for Snapdragon Insiders,,,16 GB|512 GB,"6.78 inch, 109.5 cm 2 (~81.8% screen-to-body ratio) Display","64 MP, f/1.8, 26mm (wide), 1/1.73"", 0.8µm, PDAF, OIS 8 MP, f/2.4, 80mm (telephoto), PDAF, 3x optical zoom, OIS 12 MP, f/2.2, 112˚, 14mm (ultrawide), 1/2.55"", 1.4µm, dual pixel PDAF Rear Camera",Li-Po 4000 mAh Battery,Qualcomm SM8350 Snapdragon 888 5G (5 nm) Processor,1 Year,Not Available,,,,
Asus ZenFone Lite (L1) ZA551KL,,,2 GB|16 GB,"5.45 inch, 76.7 cm 2 (~72.5% screen-to-body ratio) Display","13 MP, f/2.0, 1/3.1"", 1.12µm, PDAF Rear Camera","Li-Ion 3000 mAh, non-removable Battery",Qualcomm MSM8937 Snapdragon 430 (28 nm) Processor,1 Year,Not Available,,,,
Asus ZenFone Live (L1) ZA550KL,,,1 GB|16 GB,"5.5 inch, 78.1 cm 2 (~73.8% screen-to-body ratio) Display","13 MP, f/2.0, PDAF Rear Camera","Li-Ion 3000 mAh, non-removable Battery",Qualcomm MSM8917 Snapdragon 425 (28 nm) Processor,1 Year,Not Available,,,,
Asus ZenFone Live (L2),,,2 GB|16 GB,"5.5 inch, 78.1 cm 2 (~73.8% screen-to-body ratio) Display","8 MP or 13 MP, f/2.0, PDAF Rear Camera","Li-Ion 3000 mAh, non-removable Battery",Qualcomm MSM8917 Snapdragon 425 (28 nm) Qualcomm MSM8937 Snapdragon 430 (28 nm) Processor,1 Year,Not Available,,,,
Asus Zenfone 10,,,8 GB|128 GB,"5.92 inch, 84.6 cm 2 (~84.8% screen-to-body ratio) Display","50 MP, f/1.9, 24mm (wide), 1/1.56"", 1.0µm, multi-directional PDAF, gimbal OIS 13 MP, f/2.2, 120° (ultrawide), 1/3.06"", 1.12µm Rear Camera",Li-Po 4300 mAh Battery,Qualcomm SM8550-AB Snapdragon 8 Gen 2 (4 nm) Processor,1 Year,Not Available,,,,
Asus Zenfone 11 Ultra,,,12 GB|256 GB,"6.78 inch, 111.0 cm 2 (~88.2% screen-to-body ratio) Display","50 MP, f/1.9, 24mm (wide), 1/1.56"", 1.0µm, PDAF, gimbal OIS 32 MP, f/2.4, 65mm (telephoto), 1/3.2"", 0.7µm, PDAF, OIS, 3x optical zoom 13 MP, f/2.2, 13mm, 120˚ (ultrawide), 1/3.0"", 1.12µm Rear Camera",5500 mAh Battery,Qualcomm SM8650-AB Snapdragon 8 Gen 3 (4 nm) Processor,1 Year,Not Available,,,,
Asus Zenfone 12 Ultra,,,12 GB|256 GB,"6.78 inch, 111.0 cm 2 (~88.0% screen-to-body ratio) Display","50 MP, f/1.9, 24mm (wide), 1/1.56"", 1.0µm, PDAF, gimbal OIS 32 MP, f/2.4, 65mm (telephoto), 1/3.2"", 0.7µm, PDAF, OIS, 3x optical zoom 13 MP, f/2.2, 13mm, 120˚ (ultrawide), 1/3.0"", 1.12µm Rear Camera",5500 mAh Battery,Qualcomm SM8750-AB Snapdragon 8 Elite (3 nm) Processor,1 Year,Not Available,,,,
Asus Zenfone 4 Pro ZS551KL,,,6 GB|64 GB,"5.5 inch, 83.4 cm 2 (~70.3% screen-to-body ratio) Display","12 MP, f/1.7, 25mm (wide), 1/2.55"", 1.4µm, dual pixel PDAF, 4-axis OIS 16 MP, 50mm (telephoto), 1/3.1"", 1.0µm, AF, 2x optical zoom Rear Camera","Li-Ion 3600 mAh, non-removable Battery",Qualcomm MSM8998 Snapdragon 835 (10 nm) Processor,1 Year,Not Available,,,,
Asus Zenfone 4 ZE554KL,,,4 GB|64 GB,"5.5 inch, 83.4 cm 2 (~71.4% screen-to-body ratio) Display","12 MP, f/1.8, 25mm (wide), 1/2.55"", 1.4µm, dual pixel PDAF, OIS 8 MP, 12mm (ultrawide), 1/4.0"", 1.12µm, no AF Rear Camera","Li-Ion 3300 mAh, non-removable Battery",Qualcomm SDM630 Snapdragon 630 (14 nm) Qualcomm SDM660 Snapdragon 660 (14 nm) Processor,1 Year,Not Available,,,,
Asus Zenfone 5 Lite ZC600KL,,,3 GB|32 GB,"6.0 inch, 92.9 cm 2 (~75.9% screen-to-body ratio) Display","16 MP, f/2.2, 26mm (wide), PDAF Unknown MP, 13mm, no AF Rear Camera","Li-Ion 3300 mAh, non-removable Battery",Qualcomm SDM630 Snapdragon 630 (14 nm) Qualcomm MSM8937 Snapdragon 430 (28 nm) Processor,1 Year,Not Available,,,,
Asus Zenfone 5 ZE620KL,,,4 GB|64 GB,"6.2 inch, 96.9 cm 2 (~83.6% screen-to-body ratio) Display","12 MP, f/1.8, 24mm (wide), 1/2.55"", 1.4µm, PDAF, 4-axis OIS 8 MP, f/2.0, 12mm (ultrawide), 1/4.0"", 1.12µm, no AF Rear Camera","Li-Ion 3300 mAh, non-removable Battery",Qualcomm SDM636 Snapdragon 636 (14 nm) Processor,1 Year,Not Available,,,,
Asus Zenfone 5z ZS620KL,,,4 GB|64 GB,"6.2 inch, 96.9 cm 2 (~83.6% screen-to-body ratio) Display","12 MP, f/1.8, 24mm (wide), 1/2.55"", 1.4µm, PDAF, 4-axis OIS 8 MP, f/2.0, 12mm (ultrawide), 1/4.0"", 1.12µm, no AF Rear Camera","Li-Ion 3300 mAh, non-removable Battery",Qualcomm SDM845 Snapdragon 845 (10 nm) Processor,1 Year,Not Available,,,,
Asus Zenfone 6 ZS630KL,,,6 GB|64 GB,"6.4 inch, 100.5 cm 2 (~83.8% screen-to-body ratio) Display","48 MP, f/1.8, 26mm (wide), 1/2.0"", 0.8µm, PDAF 13 MP, f/2.4, 11mm (ultrawide) Rear Camera","Li-Po 5000 mAh, non-removable Battery",Qualcomm SM8150 Snapdragon 855 (7 nm) Processor,1 Year,Not Available,,,,
Asus Zenfone 7,,,6 GB|128 GB,"6.67 inch, 107.4 cm 2 (~84.2% screen-to-body ratio) Display","64 MP, f/1.8, 26mm (wide), 1/1.72"", 0.8µm, PDAF 8 MP, f/2.4, 80mm (telephoto), PDAF, 3x optical zoom 12 MP, f/2.2, 113˚, 17mm (ultrawide), 1/2.55"", 1.4µm, dual pixel PDAF Rear Camera",Li-Po 5000 mAh Battery,Qualcomm SM8250 Snapdragon 865 5G (7 nm+) Processor,1 Year,Not Available,,,,
Asus Zenfone 7 Pro,,,8 GB|256 GB,"6.67 inch, 107.4 cm 2 (~84.2% screen-to-body ratio) Display","64 MP, f/1.8, 26mm (wide), 1/1.72"", 0.8µm, PDAF, OIS 8 MP, f/2.4, 80mm (telephoto), PDAF, OIS, 3x optical zoom 12 MP, f/2.2, 113˚, 17mm (ultrawide), 1/2.55"", 1.4µm, dual pixel PDAF Rear Camera",Li-Po 5000 mAh Battery,Qualcomm SM8250 Snapdragon 865 5G+ (7 nm+) Processor,1 Year,Not Available,,,,
Asus Zenfone 8,,,6 GB|128 GB,"5.9 inch, 84.0 cm 2 (~82.9% screen-to-body ratio) Display","64 MP, f/1.8, 26mm (wide), 1/1.73"", 0.8µm, PDAF, OIS 12 MP, f/2.2, 112˚, 14mm (ultrawide), 1/2.55"", 1.4µm, dual pixel PDAF Rear Camera",Li-Po 4000 mAh Battery,Qualcomm SM8350 Snapdragon 888 5G (5 nm) Processor,1 Year,Not Available,,,,
Asus Zenfone 8 Flip,,,8 GB|128 GB,"6.67 inch, 107.4 cm 2 (~84.2% screen-to-body ratio) Display","64 MP, f/1.8, 26mm (wide), 1/1.73"", 0.8µm, PDAF 8 MP, f/2.4, 80mm (telephoto), PDAF, 3x optical zoom 12 MP, f/2.2, 112˚, 14mm (ultrawide), 1/2.55"", 1.4µm, dual pixel PDAF Rear Camera",Li-Po 5000 mAh Battery,Qualcomm SM8350 Snapdragon 888 5G (5 nm) Processor,1 Year,Not Available,,,,
Asus Zenfone 9,,,6 GB|128 GB,"5.9 inch, 84.4 cm 2 (~84.6% screen-to-body ratio) Display","50 MP, f/1.9, 24mm (wide), 1/1.56"", 1.0µm, multi-directional PDAF, gimbal OIS 12 MP, f/2.2, 14mm, 113° (ultrawide), 1/2.55"", 1.4µm, dual pixel PDAF Rear Camera",Li-Po 4300 mAh Battery,Qualcomm SM8475 Snapdragon 8+ Gen 1 (4 nm) Processor,1 Year,Not Available,,,,
Asus Zenfone Max (M1) ZB555KL,,,2 GB|16 GB,"5.5 inch, 88.1 cm 2 (~84.4% screen-to-body ratio) Display","13 MP, f/2.0, PDAF 8 MP, 17mm (ultrawide) Rear Camera","Li-Po 4000 mAh, non-removable Battery",Qualcomm MSM8917 Snapdragon 425 (28 nm) Qualcomm MSM8937 Snapdragon 430 (28 nm) Processor,1 Year,Not Available,,,,
Asus Zenfone Max (M1) ZB556KL,,,3 GB|32 GB,"5.45 inch, 86.5 cm 2 (~82.8% screen-to-body ratio) Display","13 MP, f/2.0, (wide), 1/3.1"", 1.12µm, PDAF Rear Camera","Li-Po 4000 mAh, non-removable Battery",Qualcomm MSM8937 Snapdragon 430 (28 nm) Processor,1 Year,Not Available,,,,
Asus Zenfone Max (M2) ZB633KL,,,3 GB|32 GB,"6.26 inch, 97.8 cm 2 (~80.9% screen-to-body ratio) Display","13 MP, f/1.8, 1/3.1"", 1.12µm, PDAF Auxiliary lens Rear Camera","Li-Ion 4000 mAh, non-removable Battery",Qualcomm SDM632 Snapdragon 632 (14 nm) Processor,1 Year,Not Available,,,,
Asus Zenfone Max Plus (M1) ZB570TL,,,2 GB|16 GB,"5.7 inch, 83.8 cm 2 (~75.3% screen-to-body ratio) Display","16 MP, f/2.0, 35mm (standard), PDAF 8 MP, 17mm (ultrawide), no AF Rear Camera","Li-Po 4130 mAh, non-removable Battery",Mediatek MT6750T (28 nm) Processor,1 Year,Not Available,,,,
Asus Zenfone Max Plus (M2) ZB634KL,,,3 GB|32 GB,"6.26 inch, 98.7 cm 2 (~81.4% screen-to-body ratio) Display","12 MP, f/1.8, 1/2.9"", 1.25μm, PDAF Auxiliary lens Rear Camera","Li-Po 4000 mAh, non-removable Battery",Qualcomm Snapdragon SiP 1 Processor,1 Year,Not Available,,,,
Asus Zenfone Max Pro (M1) ZB601KL/ZB602K,,,3 GB|32 GB,"5.99 inch, 92.1 cm 2 (~76.2% screen-to-body ratio) Display","13 MP, f/2.2, 25mm (wide), 1.12µm, PDAF Auxiliary lens or 16 MP, f/2.0, PDAF Auxiliary lens (6 GB RAM model only) Rear Camera","Li-Po 5000 mAh, non-removable Battery",Qualcomm SDM636 Snapdragon 636 (14 nm) Processor,1 Year,Not Available,,,,
Asus Zenfone Max Pro (M2) ZB631KL,,,3 GB|32 GB,"6.26 inch, 97.8 cm 2 (~82.0% screen-to-body ratio) Display","12 MP, f/1.8, 1/2.9"", 1.25μm, PDAF Auxiliary lens Rear Camera","Li-Po 5000 mAh, non-removable Battery",Qualcomm SDM660 Snapdragon 660 (14 nm) Processor,1 Year,Not Available,,,,
Asus Zenfone Max Shot ZB634KL,,,3 GB|32 GB,"6.26 inch, 98.7 cm 2 (~81.4% screen-to-body ratio) Display","12 MP, f/1.8, 1/2.9"", 1.25μm, PDAF 8 MP, 13mm (ultrawide), 1/4.0"", 1.12µm Auxiliary lens Rear Camera","Li-Po 4000 mAh, non-removable Battery",Qualcomm Snapdragon SiP 1 Processor,1 Year,Not Available,,,,
Asus Zenfone V V520KL,,,4 GB|32 GB,"5.2 inch, 74.5 cm 2 (~70.0% screen-to-body ratio) Display","23 MP, f/2.0, 1/2.6"", 1.0µm, PDAF, 4-axis OIS Rear Camera","Li-Ion 3000 mAh, non-removable Battery",Qualcomm MSM8996 Snapdragon 820 (14 nm) Processor,1 Year,Not Available,,,,
Google Pixel,,,4 GB|32 GB,"5.0 inch, 68.9 cm 2 (~69.0% screen-to-body ratio) Display","12.3 MP, f/2.0, 1/2.3"", 1.55µm, PDAF Rear Camera","Li-Ion 2770 mAh, non-removable Battery",Qualcomm MSM8996 Snapdragon 821 (14 nm) Processor,1 Year,Not Available,,,,
Google Pixel 10,,,12 GB|128 GB,"6.3 inch, 94.7 cm 2 (~86.1% screen-to-body ratio) Display","48 MP, f/1.7, 25mm (wide), 1/2.0"", 0.8µm, dual pixel PDAF, OIS 10.8 MP, f/3.1, 112mm (telephoto), 1/3.2"", dual pixel PDAF, OIS, 5x optical zoom 13 MP, f/2.2, 120˚ (ultrawide), 1/3.1"", PDAF Rear Camera",Li-Ion 4970 mAh Battery,Google Tensor G5 (3 nm) Processor,1 Year,Not Available,,,,
Google Pixel 10 Pro,,,16 GB|128 GB,"6.3 inch, 96.3 cm 2 (~87.6% screen-to-body ratio) Display","50 MP, f/1.7, 25mm (wide), 1/1.31"", 1.2µm, dual pixel PDAF, OIS 48 MP, f/2.8, 113mm (periscope telephoto), 1/2.55"", dual pixel PDAF, OIS, 5x optical zoom 48 MP, f/1.7, 123˚ (ultrawide), 1/2.55"", dual pixel PDAF Rear Camera",Li-Ion 4870 mAh Battery,Google Tensor G5 (3 nm) Processor,1 Year,Not Available,,,,
Google Pixel 10 Pro Fold,,,16 GB|256 GB,"8.0 inch, 206.3 cm 2 (~88.4% screen-to-body ratio) Display","48 MP, f/1.7, 25mm (wide), 1/2.0"", 0.8µm, dual pixel PDAF, OIS 10.8 MP, f/3.1, 112mm (telephoto), 1/3.2"", dual pixel PDAF, OIS, 5x optical zoom 10.5 MP, f/2.2, 127˚ (ultrawide), 1/3.4"", PDAF Rear Camera",5015 mAh Battery,Google Tensor G5 (3 nm) Processor,1 Year,Not Available,,,,
Google Pixel 10 Pro XL,,,16 GB|256 GB,"6.8 inch, 109.7 cm 2 (~88.0% screen-to-body ratio) Display","50 MP, f/1.7, 25mm (wide), 1/1.31"", 1.2µm, dual pixel PDAF, OIS 48 MP, f/2.8, 113mm (periscope telephoto), 1/2.55"", dual pixel PDAF, OIS, 5x optical zoom 48 MP, f/1.7, 123˚ (ultrawide), 1/2.55"", dual pixel PDAF, Rear Camera",Li-Ion 5200 mAh Battery,Google Tensor G5 (3 nm) Processor,1 Year,Not Available,,,,
Google Pixel 10a,,,8 GB|128 GB,"6.3 inch, 94.7 cm 2 (~84.3% screen-to-body ratio) Display","48 MP, f/1.7, 25mm (wide), 1/2.0"", 0.8µm, dual pixel PDAF, OIS 13 MP, f/2.2, 120˚ (ultrawide), 1/3.1"", 1.12µm Rear Camera",Li-Po 5100 mAh Battery,Google Tensor G4 (4 nm) Processor,1 Year,Not Available,,,,
Google Pixel 2,,,4 GB|64 GB,"5.0 inch, 68.9 cm 2 (~67.9% screen-to-body ratio) Display","12.2 MP, f/1.8, 27mm (wide), 1/2.55"", 1.4µm, dual pixel PDAF, OIS Rear Camera","Li-Ion 2700 mAh, non-removable Battery",Qualcomm MSM8998 Snapdragon 835 (10 nm) Processor,1 Year,Not Available,,,,
Google Pixel 2 XL,,,4 GB|64 GB,"6.0 inch, 92.6 cm 2 (~76.4% screen-to-body ratio) Display","12.2 MP, f/1.8, 27mm (wide), 1/2.55"", 1.4µm, dual pixel PDAF, OIS Rear Camera","Li-Ion 3520 mAh, non-removable Battery",Qualcomm MSM8998 Snapdragon 835 (10 nm) Processor,1 Year,Not Available,,,,
Google Pixel 3,,,4 GB|64 GB,"5.5 inch, 76.7 cm 2 (~77.2% screen-to-body ratio) Display","12.2 MP, f/1.8, 28mm (wide), 1/2.55"", 1.4µm, dual pixel PDAF, OIS Rear Camera","Li-Po 2915 mAh, non-removable Battery",Qualcomm SDM845 Snapdragon 845 (10 nm) Processor,1 Year,Not Available,,,,
Google Pixel 3 XL,,,4 GB|64 GB,"6.3 inch, 100.3 cm 2 (~82.8% screen-to-body ratio) Display","12.2 MP, f/1.8, 28mm (wide), 1/2.55"", 1.4µm, dual pixel PDAF, OIS Rear Camera","Li-Po 3430 mAh, non-removable Battery",Qualcomm SDM845 Snapdragon 845 (10 nm) Processor,1 Year,Not Available,,,,
Google Pixel 3a,,,4 GB|64 GB,"5.6 inch, 79.6 cm 2 (~75.0% screen-to-body ratio) Display","12.2 MP, f/1.8, 28mm (wide), 1/2.55"", 1.4µm, dual pixel PDAF, OIS Rear Camera","Li-Po 3000 mAh, non-removable Battery",Qualcomm SDM670 Snapdragon 670 (10 nm) Processor,1 Year,Not Available,,,,
Google Pixel 3a XL,,,4 GB|64 GB,"6.0 inch, 92.9 cm 2 (~76.3% screen-to-body ratio) Display","12.2 MP, f/1.8, 28mm (wide), 1/2.55"", 1.4µm, dual pixel PDAF, OIS Rear Camera","Li-Po 3700 mAh, non-removable Battery",Qualcomm SDM670 Snapdragon 670 (10 nm) Processor,1 Year,Not Available,,,,
Google Pixel 4,,,6 GB|64 GB,"5.7 inch, 80.7 cm 2 (~79.8% screen-to-body ratio) Display","12.2 MP, f/1.7, 27mm (wide), 1/2.55"", 1.4µm, dual pixel PDAF, OIS 16 MP, f/2.4, 50mm (telephoto), 1/3.6"", 1.0µm, PDAF, OIS, 2x optical zoom Rear Camera","Li-Po 2800 mAh, non-removable Battery",Qualcomm SM8150 Snapdragon 855 (7 nm) Processor,1 Year,Not Available,,,,
Google Pixel 4 XL,,,6 GB|64 GB,"6.3 inch, 98.0 cm 2 (~81.3% screen-to-body ratio) Display","12.2 MP, f/1.7, 27mm (wide), 1/2.55"", 1.4µm, dual pixel PDAF, OIS 16 MP, f/2.4, 50mm (telephoto), 1/3.6"", 1.0µm, PDAF, OIS, 2x optical zoom Rear Camera","Li-Po 3700 mAh, non-removable Battery",Qualcomm SM8150 Snapdragon 855 (7 nm) Processor,1 Year,Not Available,,,,
Google Pixel 4a,,,6 GB|128 GB,"5.81 inch, 83.2 cm 2 (~83.3% screen-to-body ratio) Display","12.2 MP, f/1.7, 27mm (wide), 1/2.55"", 1.4µm, dual pixel PDAF, OIS Rear Camera",Li-Po 3140 mAh Battery,Qualcomm SDM730 Snapdragon 730G (8 nm) Processor,1 Year,Not Available,,,,
Google Pixel 4a 5G,,,6 GB|128 GB,"6.2 inch, 95.7 cm 2 (~84.1% screen-to-body ratio) Display","12.2 MP, f/1.7, 27mm (wide), 1/2.55"", 1.4µm, dual pixel PDAF, OIS 16 MP, f/2.2, 107˚ (ultrawide), 1.0µm Rear Camera",Li-Po 3885 mAh Battery,Qualcomm SM7250 Snapdragon 765G 5G (7 nm) Processor,1 Year,Not Available,,,,
Google Pixel 5,,,8 GB|128 GB,"6.0 inch, 87.6 cm 2 (~85.9% screen-to-body ratio) Display","12.2 MP, f/1.7, 27mm (wide), 1/2.55"", 1.4µm, dual pixel PDAF, OIS 16 MP, f/2.2, 117˚ (ultrawide), 1.0µm Rear Camera",Li-Po 4080 mAh Battery,Qualcomm SM7250 Snapdragon 765G 5G (7 nm) Processor,1 Year,Not Available,,,,
Google Pixel 5a 5G,,,6 GB|128 GB,"6.34 inch, 97.0 cm 2 (~84.9% screen-to-body ratio) Display","12.2 MP, f/1.7, 27mm, (wide), 1/2.55"", 1.4µm, dual pixel PDAF, OIS 16 MP, f/2.2, 119˚ (ultrawide), 1.0µm Rear Camera",Li-Po 4680 mAh Battery,Qualcomm SM7250 Snapdragon 765G 5G (7 nm) Processor,1 Year,Not Available,,,,
Google Pixel 6,,,8 GB|128 GB,"6.4 inch, 98.9 cm 2 (~83.4% screen-to-body ratio) Display","50 MP, f/1.9, 25mm (wide), 1/1.31"", 1.2µm, dual pixel PDAF, OIS 12 MP, f/2.2, 17mm, 114˚ (ultrawide), 1.25µm Rear Camera",Li-Ion 4614 mAh Battery,Google Tensor (5 nm) Processor,1 Year,Not Available,,,,
Google Pixel 6 Pro,,,12 GB|128 GB,"6.7 inch, 110.6 cm 2 (~88.9% screen-to-body ratio) Display","50 MP, f/1.9, 25mm (wide), 1/1.31"", 1.2µm, dual pixel PDAF, OIS 48 MP, f/3.5, 104mm (periscope telephoto), 1/2.0"", 0.8µm, PDAF, OIS, 4x optical zoom 12 MP, f/2.2, 17mm, 114˚ (ultrawide), 1.25µm Rear Camera",Li-Ion 5003 mAh Battery,Google Tensor (5 nm) Processor,1 Year,Not Available,,,,
Google Pixel 6a,,,6 GB|128 GB,"6.1 inch, 90.7 cm 2 (~83.0% screen-to-body ratio) Display","12.2 MP, f/1.7, 27mm, (wide), 1/2.55"", 1.4µm, dual pixel PDAF, OIS 12 MP, f/2.2, 17mm, 114˚ (ultrawide), 1.25µm Rear Camera",Li-Po 4410 mAh Battery,Google Tensor (5 nm) Processor,1 Year,Not Available,,,,
Google Pixel 7,,,8 GB|128 GB,"6.3 inch, 96.7 cm 2 (~84.9% screen-to-body ratio) Display","50 MP, f/1.9, 25mm (wide), 1/1.31"", 1.2µm, dual pixel PDAF, OIS 12 MP, f/2.2, 114˚ (ultrawide), 1/2.9"", 1.25µm Rear Camera",Li-Ion 4355 mAh Battery,Google Tensor G2 (5 nm) Processor,1 Year,Not Available,,,,
Google Pixel 7 Pro,,,8 GB|128 GB,"6.7 inch, 110.6 cm 2 (~88.7% screen-to-body ratio) Display","50 MP, f/1.9, 25mm (wide), 1/1.31"", 1.2µm, dual pixel PDAF, OIS 48 MP, f/3.5, 120mm (periscope telephoto), 1/2.55"", 0.7µm, dual pixel PDAF, OIS, 5x optical zoom 12 MP, f/2.2, 126˚ (ultrawide), 1/2.9"", 1.25µm, AF Rear Camera",Li-Ion 5000 mAh Battery,Google Tensor G2 (5 nm) Processor,1 Year,Not Available,,,,
Google Pixel 7a,,,8 GB|128 GB,"6.1 inch, 90.7 cm 2 (~81.8% screen-to-body ratio) Display","64 MP, f/1.9, 26mm (wide), 1/1.73"", 0.8µm, dual pixel PDAF, OIS 13 MP, f/2.2, 120˚ (ultrawide), 1.12µm Rear Camera",Li-Po 4385 mAh Battery,Google Tensor G2 (5 nm) Processor,1 Year,Not Available,,,,
Google Pixel 8,,,8 GB|128 GB,"6.2 inch, 91.1 cm 2 (~85.5% screen-to-body ratio) Display","50 MP (12 MP eff.), f/1.7, 25mm (wide), 1/1.31"", 1.2µm, dual pixel PDAF, OIS 12 MP, f/2.2, 126˚ (ultrawide), 1/2.9"", 1.25µm, AF Rear Camera",Li-Ion 4575 mAh Battery,Google Tensor G3 (4 nm) Processor,1 Year,Not Available,,,,
Google Pixel 8 Pro,,,12 GB|128 GB,"6.7 inch, 108.7 cm 2 (~87.4% screen-to-body ratio) Display","50 MP, f/1.7, 25mm (wide), 1/1.31"", 1.2µm, dual pixel PDAF, OIS 48 MP, f/2.8, 113mm (periscope telephoto), 1/2.55"", 0.7µm, dual pixel PDAF, OIS, 5x optical zoom 48 MP, f/2.0, 126˚ (ultrawide), 1/2.0"", 0.8µm, dual pixel PDAF Rear Camera",Li-Ion 5050 mAh Battery,Google Tensor G3 (4 nm) Processor,1 Year,Not Available,,,,
Google Pixel 8a,,,8 GB|128 GB,"6.1 inch, 90.3 cm 2 (~81.6% screen-to-body ratio) Display","64 MP (16 MP eff.), f/1.9, 26mm (wide), 1/1.73"", 0.8µm, dual pixel PDAF, OIS 13 MP, f/2.2, 120˚ (ultrawide), 1.12µm Rear Camera",Li-Po 4492 mAh Battery,Google Tensor G3 (4 nm) Processor,1 Year,Not Available,,,,
Google Pixel 9,,,12 GB|128 GB,"6.3 inch, 94.7 cm 2 (~86.1% screen-to-body ratio) Display","50 MP, f/1.7, 25mm (wide), 1/1.31"", 1.2µm, dual pixel PDAF, OIS 48 MP, f/1.7, 123˚ (ultrawide), 1/2.55"", dual pixel PDAF Rear Camera",Li-Ion 4700 mAh Battery,Google Tensor G4 (4 nm) Processor,1 Year,Not Available,,,,
Google Pixel 9 Pro,,,16 GB|128 GB,"6.3 inch, 96.3 cm 2 (~87.6% screen-to-body ratio) Display","50 MP, f/1.7, 25mm (wide), 1/1.31"", 1.2µm, dual pixel PDAF, OIS 48 MP, f/2.8, 113mm (periscope telephoto), 1/2.55"", dual pixel PDAF, OIS, 5x optical zoom 48 MP, f/1.7, 123˚ (ultrawide), 1/2.55"", dual pixel PDAF Rear Camera",Li-Ion 4700 mAh Battery,Google Tensor G4 (4 nm) Processor,1 Year,Not Available,,,,
Google Pixel 9 Pro Fold,,,16 GB|256 GB,"8.0 inch, 207.4 cm 2 (~89.0% screen-to-body ratio) Display","48 MP, f/1.7, 25mm (wide), 1/2.0"", 0.8µm, dual pixel PDAF, OIS 10.8 MP, f/3.1, 112mm (telephoto), 1/3.2"", dual pixel PDAF, OIS, 5x optical zoom 10.5 MP, f/2.2, 127˚ (ultrawide), 1/3.4"", PDAF Rear Camera",4650 mAh Battery,Google Tensor G4 (4 nm) Processor,1 Year,Not Available,,,,
Google Pixel 9 Pro XL,,,16 GB|128 GB,"6.8 inch, 109.7 cm 2 (~88.0% screen-to-body ratio) Display","50 MP, f/1.7, 25mm (wide), 1/1.31"", 1.2µm, dual pixel PDAF, OIS 48 MP, f/2.8, 113mm (periscope telephoto), 1/2.55"", dual pixel PDAF, OIS, 5x optical zoom 48 MP, f/1.7, 123˚ (ultrawide), 1/2.55"", dual pixel PDAF, Rear Camera",Li-Ion 5060 mAh Battery,Google Tensor G4 (4 nm) Processor,1 Year,Not Available,,,,
Google Pixel 9a,,,8 GB|128 GB,"6.3 inch, 94.7 cm 2 (~83.5% screen-to-body ratio) Display","48 MP, f/1.7, 25mm (wide), 1/2.0"", 0.8µm, dual pixel PDAF, OIS 13 MP, f/2.2, 120˚ (ultrawide), 1/3.1"", 1.12µm Rear Camera",Li-Po 5100 mAh Battery,Google Tensor G4 (4 nm) Processor,1 Year,Not Available,,,,
Google Pixel C,,,3 GB|32 GB,"10.2 inch, 313.8 cm 2 (~72.4% screen-to-body ratio) Display","8 MP, f/2.4 Rear Camera","Li-Po 9240 mAh, non-removable (34.2 Wh) Battery",Nvidia Tegra X1 Processor,1 Year,Not Available,,,,
Google Pixel Fold,,,12 GB|256 GB,"7.6 inch, 183.3 cm 2 (~82.7% screen-to-body ratio) Display","48 MP, f/1.7, 25mm (wide), 1/2.0"", 0.8µm, dual pixel PDAF, OIS 10.8 MP, f/3.1, 112mm (telephoto), 1/3.1"", 1.22µm, dual pixel PDAF, OIS, 5x optical zoom 10.8 MP, f/2.2, 121˚, (ultrawide), 1/3.0"", 1.25µm Rear Camera",Li-Po 4821 mAh Battery,Google Tensor G2 (5 nm) Processor,1 Year,Not Available,,,,
Google Pixel Tablet,,,8 GB|128 GB,"10.95 inch, 347.7 cm 2 (~79.7% screen-to-body ratio) Display","8 MP, f/2.0, 24mm (wide), 1/4.0"", 1.12µm Rear Camera",Li-Po 7020 mAh (27 Wh) Battery,Google Tensor G2 (5 nm) Processor,1 Year,Not Available,,,,
Google Pixel Watch,,,2 GB|32 GB,1.2 inch Display,,Li-Ion 294 mAh Battery,Exynos 9110 (10 nm) Processor,1 Year,Not Available,,,,
Google Pixel Watch 2,,,2 GB|32 GB,1.2 inch Display,,Li-Ion 306 mAh Battery,Qualcomm 5100 Processor,1 Year,Not Available,,,,
Google Pixel Watch 3,,,2 GB|32 GB,1.4 inch Display,,Li-Ion 420 mAh Battery,Qualcomm SW5100 Processor,1 Year,Not Available,,,,
Google Pixel Watch 4,,,2 GB|32 GB,1.4 inch Display,,Li-Ion 455 mAh Battery,Qualcomm Snapdragon W5 Gen 2 (4 nm) Processor,1 Year,Not Available,,,,
Google Pixel XL,,,4 GB|32 GB,"5.5 inch, 83.4 cm 2 (~71.2% screen-to-body ratio) Display","12.3 MP, f/2.0, 1/2.3"", 1.55µm, PDAF Rear Camera","Li-Ion 3450 mAh, non-removable Battery",Qualcomm MSM8996 Snapdragon 821 (14 nm) Processor,1 Year,Not Available,,,,
Honor 500,,,12 GB|256 GB,"6.55 inch, 105.4 cm 2 (~91.2% screen-to-body ratio) Display","200 MP, f/1.9, (wide), 1/1.4"", 0.56µm, PDAF, OIS 12 MP, f/2.2, 117˚ (ultrawide), AF Rear Camera",Si/C Li-Ion 8000 mAh Battery,Qualcomm SM8735 Snapdragon 8s Gen 4 (4 nm) Processor,1 Year,Not Available,,,,
Honor 500 Pro (China),,,12 GB|256 GB,"6.55 inch, 105.4 cm 2 (~91.2% screen-to-body ratio) Display","200 MP, f/1.9, (wide), 1/1.4"", 0.56µm, PDAF, OIS 50 MP, f/2.4, 68mm (periscope telephoto), 1/2.51"", 0.7µm, PDAF, OIS, 3x optical zoom 12 MP, f/2.2, 117˚ (ultrawide), AF Rear Camera",Si/C Li-Ion 8000 mAh Battery,Qualcomm SM8750-AB Snapdragon 8 Elite (3 nm) Processor,1 Year,Not Available,,,,
Honor 500 Smart,,,8 GB|256 GB,"6.75 inch, 110.0 cm 2 (~85.5% screen-to-body ratio) Display","50 MP, f/1.8, (wide) Auxiliary lens Rear Camera",Li-Po 5260 mAh Battery,Mediatek Dimensity 6300 (6 nm) Processor,1 Year,Not Available,,,,
Honor 600,,,8 GB|128 GB,"6.57 inch, 106.2 cm 2 (~91.2% screen-to-body ratio) Display","200 MP, f/1.9, 24mm (wide), 1/1.4"", 0.56µm, PDAF (9cm - ∞), OIS 12 MP, f/2.2, 16mm, 112˚ (ultrawide), PDAF Rear Camera",Si/C Li-Ion 7000 mAh (International) or 6400 mAh (Europe) Battery,Qualcomm SM7750-AB Snapdragon 7 Gen 4 (4 nm) Processor,1 Year,Not Available,,,,
Honor 600 (China),,,12 GB|256 GB,"6.57 inch, 106.2 cm 2 (~91.2% screen-to-body ratio) Display","200 MP, f/1.9, 24mm (wide), 1/1.4"", 0.56µm, PDAF (9cm - ∞), OIS 12 MP, f/2.2, 16mm, 112˚ (ultrawide), PDAF Rear Camera",Si/C Li-Ion 8600 mAh Battery,Qualcomm SM7750-AB Snapdragon 7 Gen 4 (4 nm) Processor,1 Year,Not Available,,,,
Honor 600 Lite,,,8 GB|128 GB,"6.6 inch, 106.9 cm 2 (~90.1% screen-to-body ratio) Display","108 MP, f/1.8, (wide), 1/1.67"", PDAF 5 MP, f/2.2, (ultrawide) Rear Camera",Li-Po 6520 mAh Battery,Mediatek Dimensity 7100 Elite (6 nm) Processor,1 Year,Not Available,,,,
Honor 600 Pro,,,12 GB|256 GB,"6.57 inch, 106.2 cm 2 (~91.2% screen-to-body ratio) Display","200 MP, f/1.9, 24mm (wide), 1/1.4"", 0.56µm, PDAF (9cm - ∞), OIS 50 MP, f/2.8, 80mm (telephoto), PDAF, OIS, 3.5x optical zoom 12 MP, f/2.2, 16mm, 112˚ (ultrawide), PDAF Rear Camera",Si/C Li-Ion 7000 mAh (International) or 6400 mAh (Europe) Battery,Qualcomm SM8750-AB Snapdragon 8 Elite (3 nm) Processor,1 Year,Not Available,,,,
Honor 600 Pro (China),,,12 GB|256 GB,"6.57 inch, 106.2 cm 2 (~91.0% screen-to-body ratio) Display","200 MP, f/1.9, 24mm (wide), 1/1.4"", 0.56µm, PDAF (9cm - ∞), OIS 50 MP, f/2.8, 80mm (periscope telephoto), PDAF, OIS, 3.5x optical zoom 12 MP, f/2.2, 16mm, 112˚ (ultrawide), PDAF Rear Camera",Si/C Li-Ion 8000 mAh Battery,Mediatek Dimensity 8550 Elite (4 nm) Processor,1 Year,Not Available,,,,
Honor 600 Smart,,,4 GB|128 GB,"6.87 inch, 114.3 cm 2 (~86.5% screen-to-body ratio) Display","50 MP, f/1.8, PDAF Auxiliary lens Rear Camera",Li-Po 7700 mAh - EU Li-Po 8100 mAh - LATAM Battery,Qualcomm SM4450-AF Snapdragon 4 Gen 4 Processor,1 Year,Not Available,,,,
Honor 600e,,,8 GB|512 GB,"6.6 inch, 106.9 cm 2 (~90.1% screen-to-body ratio) Display","108 MP, f/1.8, (wide), 1/1.67"", PDAF 5 MP, f/2.2, (ultrawide) Rear Camera",Li-Po 6520 mAh Battery,Mediatek Dimensity 7100 Elite (6 nm) Processor,1 Year,Not Available,,,,
Honor Magic V6,,,12 GB|256 GB,"7.95 inch, 203.2 cm 2 (~89.1% screen-to-body ratio) Display","50 MP, f/1.6, 23mm (wide), 1/1.56"", 1.0µm, PDAF, OIS 64 MP, f/2.5, 70mm (periscope telephoto), 1/2.0"", 0.7µm, PDAF, OIS, 3x optical zoom 50 MP, f/2.2, 13mm, 122˚ (ultrawide), AF Rear Camera","Si/C Li-Ion 6660 mAh - Global 7150 mAh (1TB), 6850 mAh (256/512GB) - China Battery",Qualcomm SM8850-AC Snapdragon 8 Elite Gen 5 (3 nm) Processor,1 Year,Not Available,,,,
Honor Magic8,,,12 GB|256 GB,"6.58 inch, 105.3 cm 2 (~90.6% screen-to-body ratio) Display","50 MP, f/1.9, 24mm (wide), 1/1.56"", 1.0µm, multi-directional PDAF, OIS 64 MP, f/2.5, (telephoto), PDAF, OIS, 3x optical zoom 50 MP, f/2.0, 12mm, 122˚ (ultrawide), 1/2.88"", 0.61µm, dual pixel PDAF Rear Camera",Si/C Li-Ion 7000 mAh Battery,Qualcomm SM8850-AC Snapdragon 8 Elite Gen 5 (3 nm) Processor,1 Year,Not Available,,,,
Honor Magic8 Lite,,,8 GB|256 GB,"6.79 inch, 112.1 cm 2 (~90.9% screen-to-body ratio) Display","108 MP, f/1.8, 24mm (wide), PDAF, 1/1.67"", 1.0µm, OIS 5 MP, f/2.2, 17mm (ultrawide), 1/5.0"", 1.12µm Rear Camera",Si/C Li-Po 7500 mAh (Europe); 8300 mAh (LATAM) Battery,Qualcomm Snapdragon 6 Gen 4 (4 nm) Processor,1 Year,Not Available,,,,
Honor Magic8 Pro,,,12 GB|256 GB,"6.71 inch, 108.3 cm 2 (~89.6% screen-to-body ratio) Display","50 MP, f/1.6, 23mm (wide), 1/1.3"", 1.2µm, multi-directional PDAF, OIS 200 MP, f/2.6, 85mm (periscope telephoto), 1/1.4"", 0.56µm, multi-directional PDAF, OIS, 3.7x optical zoom 50 MP, f/2.0, 12mm, 122˚ (ultrawide), 1/2.88"", 0.61µm, dual pixel PDAF Rear Camera",Si/C Li-Ion 7100 mAh (Global); 6270 mAh (Europe); 7200 mAh (China) Battery,Qualcomm SM8850-AC Snapdragon 8 Elite Gen 5 (3 nm) Processor,1 Year,Not Available,,,,
Honor Magic8 Pro Air,,,12 GB|256 GB,"6.31 inch, 97.6 cm 2 (~90.2% screen-to-body ratio) Display","50 MP, f/1.6, 23mm (wide), 1/1.3"", 1.2µm, multi-directional PDAF, OIS 64 MP, f/2.6, 74mm (periscope telephoto), 1/2"", PDAF, OIS, 3.2x optical zoom 50 MP, f/2.2, 16mm, 112˚ (ultrawide) Rear Camera",Si/C Li-Po 5500 mAh Battery,Mediatek Dimensity 9500 (3 nm) Processor,1 Year,Not Available,,,,
Honor Magic8 RSR Porsche Design,,,16 GB|512 GB,"6.71 inch, 108.3 cm 2 (~89.6% screen-to-body ratio) Display","50 MP, f/1.6, 23mm (wide), 1/1.3"", 1.2µm, multi-directional PDAF, OIS 200 MP, f/2.6, 85mm (periscope telephoto), 1/1.4"", 0.56µm, multi-directional PDAF, OIS, 3.7x optical zoom 50 MP, f/2.0, 12mm, 122˚ (ultrawide), 1/2.88"", 0.61µm, dual pixel PDAF Rear Camera",Si/C Li-Po 7200 mAh Battery,Qualcomm SM8850-AC Snapdragon 8 Elite Gen 5 (3 nm) Processor,1 Year,Not Available,,,,
Honor MagicPad 3 Pro 12.3,,,8 GB|256 GB,"12.3 inch, 443.2 cm 2 (~90.7% screen-to-body ratio) Display","13 MP, f/2.0, AF Rear Camera",Li-Po 10100 mAh Battery,Qualcomm SM8845 Snapdragon 8 Gen 5 (3 nm) Processor,1 Year,Not Available,,,,
Honor MagicPad3 Pro 13.3,,,12 GB|256 GB,"13.3 inch, 527.0 cm 2 (~89.0% screen-to-body ratio) Display","13 MP, f/2.0, AF 2 MP (macro) Rear Camera",Si/C Li-Ion 12450 mAh Battery,Qualcomm SM8850-AC Snapdragon 8 Elite Gen 5 (3 nm) Processor,1 Year,Not Available,,,,
Honor MagicPad4,,,12 GB|256 GB,"12.3 inch, 443.2 cm 2 (~90.7% screen-to-body ratio) Display","13 MP, f/2.0, AF Rear Camera",Si/C Li-Ion 10100 mAh Battery,Qualcomm SM8845 Snapdragon 8 Gen 5 (3 nm) Processor,1 Year,Not Available,,,,
Honor Pad 10 Pro,,,12 GB|256 GB,"11.5 inch, 391.6 cm 2 (~84.4% screen-to-body ratio) Display","13 MP, f/2.0, (wide), AF Rear Camera",Li-Po 10100 mAh Battery,Mediatek Dimensity 8350 Ultimate (4 nm) Processor,1 Year,Not Available,,,,
Honor Pad 20,,,6 GB|128 GB,"12.1 inch, 424.2 cm 2 (~85.4% screen-to-body ratio) Display","8 MP, f/2.0, (wide), AF Rear Camera",Li-Po 10100 mAh Battery,Qualcomm SM7550-AB Snapdragon 7 Gen 3 (4 nm) Processor,1 Year,Not Available,,,,
Honor Pad X8b,,,4 GB|64 GB,"11.0 inch, 347.5 cm 2 (~80.3% screen-to-body ratio) Display","5 MP, f/2.0, AF Rear Camera",Li-Ion 10100 mAh Battery,Qualcomm SM6225 Snapdragon 680 4G (6 nm) Processor,1 Year,Not Available,,,,
Honor Play 60A,,,4 GB|128 GB,"6.75 inch, 110.0 cm 2 (~85.5% screen-to-body ratio) Display","13 MP, f/2.2, (wide) Rear Camera",Li-Po 5300 mAh Battery,Mediatek Dimensity 6300 (6 nm) Processor,1 Year,Not Available,,,,
Honor Play 70C,,,4 GB|64 GB,"6.75 inch, 110.0 cm 2 (~85.5% screen-to-body ratio) Display","13 MP, f/2.2, (wide) Rear Camera",Li-Po 5300 mAh Battery,Mediatek Helio G81 Ultra (12 nm) Processor,1 Year,Not Available,,,,
Honor Play 80,,,4 GB|128 GB,"6.75 inch, 110.0 cm 2 (~85.5% screen-to-body ratio) Display","13 MP, f/2.2, (wide) Rear Camera",Li-Po 5300 mAh Battery,Mediatek Dimensity 6300 (6 nm) Processor,1 Year,Not Available,,,,
Honor Play 80 Plus,,,6 GB|128 GB,"6.61 inch, 105.3 cm 2 (~84.7% screen-to-body ratio) Display","13 MP, f/1.8, (wide) Rear Camera",Si/C Li-Po 7500 mAh Battery,Qualcomm SM4450-AF Snapdragon 4 Gen 4 Processor,1 Year,Not Available,,,,
Honor Play 80 Pro,,,6 GB|256 GB,"6.8 inch, 111.2 cm 2 (~86.7% screen-to-body ratio) Display","50 MP, f/1.8, (wide), PDAF Auxiliary lens Rear Camera",Li-Po 7000 mAh Battery,Qualcomm SM6375 Snapdragon 6s Gen 3 (6 nm) Processor,1 Year,Not Available,,,,
Honor Play10,,,8 GB|128 GB,"6.8 inch, 111.3 cm 2 (~86.8% screen-to-body ratio) Display","50 MP, f/1.8, (wide), PDAF Auxiliary lens Rear Camera",Li-Po 7000 mAh Battery,Qualcomm SM6375 Snapdragon 6s Gen 3 (6 nm) Processor,1 Year,Not Available,,,,
Honor Play10A,,,4 GB|128 GB,"6.74 inch, 109.7 cm 2 (~85.3% screen-to-body ratio) Display","50 MP, f/1.8, (wide), PDAF Auxiliary lens Rear Camera",Li-Po 5260 mAh Battery,Mediatek Helio G81 (12 nm) Processor,1 Year,Not Available,,,,
Honor Play11 Plus,,,8 GB|256 GB,"6.6 inch, 106.9 cm 2 (~90.1% screen-to-body ratio) Display","50 MP, f/1.8, (wide), PDAF Rear Camera",Li-Po 7000 mAh Battery,Mediatek Dimensity 6500 Elite (6 nm) Processor,1 Year,Not Available,,,,
Honor Power2,,,12 GB|256 GB,"6.79 inch, 112.1 cm 2 (~90.6% screen-to-body ratio) Display","50 MP, f/1.9, (wide), PDAF, OIS 5 MP, (ultrawide) Rear Camera",Si/C Li-Po 10080 mAh Battery,Mediatek Dimensity 8500 Elite (4 nm) Processor,1 Year,Not Available,,,,
Honor Watch 5 Pro,,,,1.5 inch Display,,Li-Po 515 mAh Battery,,1 Year,Not Available,,,,
Honor Watch 6,,,,1.46 inch Display,,980 mAh Battery,,1 Year,Not Available,,,,
Honor Watch 6 Plus,,,,1.46 inch Display,,Si/C Li-Po 1000 mAh Battery,,1 Year,Not Available,,,,
Honor Watch GS 5,,,,1.32 inch Display,,Li-Po 495 mAh Battery,,1 Year,Not Available,,,,
Honor Watch X5,,,,1.97 inch Display,,Li-Ion 360 mAh Battery,,1 Year,Not Available,,,,
Honor Watch X5i,,,,1.97 inch Display,,Li-Po 420 mAh Battery,,1 Year,Not Available,,,,
Honor Win,,,12 GB|256 GB,"6.83 inch, 113.3 cm 2 (~90.7% screen-to-body ratio) Display","50 MP, f/2.0, (wide), 1/1.56"", 1.0µm, dual pixel PDAF, OIS 50 MP, f/2.4, (telephoto), 1/2.0"", 0.8µm, PDAF, OIS, 3x optical zoom 12 MP, f/2.2, 112˚ (ultrawide), AF Rear Camera",Si/C Li-Po 10000 mAh Battery,Qualcomm SM8850-AC Snapdragon 8 Elite Gen 5 (3 nm) Processor,1 Year,Not Available,,,,
Honor Win RT,,,12 GB|256 GB,"6.83 inch, 113.3 cm 2 (~90.7% screen-to-body ratio) Display","50 MP, f/2.0, (wide), 1/1.56"", 1.0µm, dual pixel PDAF, OIS 12 MP, f/2.2, 112˚ (ultrawide), AF Rear Camera",Si/C Li-Po 10000 mAh Battery,Qualcomm SM8750-AB Snapdragon 8 Elite (3 nm) Processor,1 Year,Not Available,,,,
Honor Win Turbo,,,12 GB|256 GB,"6.79 inch, 112.1 cm 2 (~90.6% screen-to-body ratio) Display","50 MP, f/1.9, (wide), PDAF, OIS 5 MP, (ultrawide) Rear Camera",Si/C Li-Po 10000 mAh Battery,Mediatek Dimensity 8500 Elite (4 nm) Processor,1 Year,Not Available,,,,
Honor X5c,,,4 GB|64 GB,"6.74 inch, 109.7 cm 2 (~85.3% screen-to-body ratio) Display","· 50 MP, f/1.8, (wide), PDAF - LATAM only · 13 MP, f/2.2, (wide) - MEA, SEA, AF, Eurasia Auxiliary lens Rear Camera",Li-Po 5260 mAh Battery,Mediatek Helio G81 (12 nm) Processor,1 Year,Not Available,,,,
Honor X5d,,,4 GB|128 GB,"6.74 inch, 109.7 cm 2 (~85.3% screen-to-body ratio) Display","13 MP, f/2.2, (wide), AF Auxiliary lens Rear Camera",Li-Po 5260 mAh Battery,Mediatek Helio G81 (12 nm) Processor,1 Year,Not Available,,,,
Honor X5d Plus,,,4 GB|128 GB,"6.74 inch, 109.7 cm 2 (~85.3% screen-to-body ratio) Display","50 MP, f/1.8, (wide), PDAF Auxiliary lens Rear Camera",Li-Po 5260 mAh Battery,Mediatek Helio G81 (12 nm) Processor,1 Year,Not Available,,,,
Honor X6d,,,4 GB|128 GB,"6.75 inch, 110.0 cm 2 (~85.5% screen-to-body ratio) Display","50 MP, f/1.8, (wide) Auxiliary lens Rear Camera",Li-Po 5260 mAh Battery,Mediatek Dimensity 6300 (6 nm) Processor,1 Year,Not Available,,,,
Honor X70 Pro Max,,,8 GB|256 GB,"6.79 inch, 112.1 cm 2 (~90.9% screen-to-body ratio) Display","50 MP, f/1.8, (wide), PDAF Rear Camera",Si/C Li-Ion 8560 mAh Battery,Qualcomm Snapdragon 6 Gen 4 (4 nm) Processor,1 Year,Not Available,,,,
Honor X70 Refresh,,,8 GB|128 GB,"6.79 inch, 112.1 cm 2 (~90.9% screen-to-body ratio) Display","50 MP, f/1.9, (wide), PDAF, OIS Rear Camera",Si/C Li-Ion 8300 mAh Battery,Qualcomm Snapdragon 6 Gen 4 (4 nm) Processor,1 Year,Not Available,,,,
Honor X7e,,,6 GB|128 GB,"6.61 inch, 105.3 cm 2 (~84.7% screen-to-body ratio) Display","50 MP, f/1.8, (wide), AF Rear Camera",Si/C Li-Po 7500 mAh Battery,Mediatek Helio G81 Ultra (12 nm) Processor,1 Year,Not Available,,,,
Honor X80 Pro Max,,,8 GB|128 GB,"6.8 inch, 112.6 cm 2 (~90.2% screen-to-body ratio) Display","50 MP, f/1.9, (wide), PDAF, OIS Rear Camera",Si/C Li-Po 11000 mAh Battery,Qualcomm SM6850 Snapdragon 6 Gen 5 (4 nm) Processor,1 Year,Not Available,,,,
Honor X80i,,,8 GB|128 GB,"6.6 inch, 106.9 cm 2 (~90.1% screen-to-body ratio) Display","50 MP, f/1.8, (wide), PDAF Rear Camera",Li-Po 7000 mAh Battery,Mediatek Dimensity 6500 Elite (6 nm) Processor,1 Year,Not Available,,,,
Honor X8d,,,8 GB|128 GB,"6.77 inch, 110.9 cm 2 (~89.2% screen-to-body ratio) Display","108 MP, f/1.8, 24mm (wide), 1/1.67"", PDAF, OIS 5 MP, f/2.2, (ultrawide) Rear Camera",Si/C Li-Po 7000 mAh Battery,Qualcomm Snapdragon 6s 4G Gen 2 Processor,1 Year,Not Available,,,,
Huawei Enjoy 90,,,8 GB|128 GB,"6.67 inch, 107.2 cm 2 (~84.3% screen-to-body ratio) Display","50 MP, f/1.8, (wide), PDAF Rear Camera",Si/C Li-Ion 6620 mAh Battery,Kirin 8000A Processor,1 Year,Not Available,,,,
Huawei Enjoy 90 Plus,,,8 GB|128 GB,"6.67 inch, 107.2 cm 2 (~84.3% screen-to-body ratio) Display","50 MP, f/1.8, (wide), PDAF Rear Camera",Si/C Li-Ion 6620 mAh Battery,Kirin 8000 (7 nm) Processor,1 Year,Not Available,,,,
Huawei Enjoy 90 Pro Max,,,8 GB|128 GB,"6.84 inch, 114.8 cm 2 (~90.2% screen-to-body ratio) Display","50 MP, f/1.9, (wide), 1/1.56"", dual-pixel PDAF Rear Camera",Si/C Li-Ion 8500 mAh Battery,Kirin 8000 (7 nm) Processor,1 Year,Not Available,,,,
Huawei Enjoy 90m Plus,,,8 GB|128 GB,"6.67 inch, 107.2 cm 2 (~84.3% screen-to-body ratio) Display","50 MP, f/1.8, (wide), PDAF Rear Camera",Si/C Li-Ion 6620 mAh Battery,Kirin 8000 (7 nm) Processor,1 Year,Not Available,,,,
Huawei Mate 70 Air,,,12 GB|256 GB,"7.0 inch, 123.0 cm 2 (~91.5% screen-to-body ratio) Display","50 MP, f/1.8, 24mm (wide), 1/1.3"", PDAF, OIS 12 MP, f/2.4, 69mm (telephoto), PDAF, OIS, 3x optical zoom 8 MP, f/2.2, 16mm (ultrawide) Rear Camera",Si/C Li-Ion 6500 mAh Battery,Kirin 9020A (7 nm) - 12GB RAM Kirin 9020B (7 nm) - 16GB RAM Processor,1 Year,Not Available,,,,
Huawei Mate 80,,,12 GB|256 GB,"6.75 inch, 110.3 cm 2 (~89.7% screen-to-body ratio) Display","50 MP, f/1.4-f/4.0, 24mm (wide), PDAF, OIS 12 MP, f/3.4, 125mm (periscope telephoto), PDAF, OIS, 5.5x optical zoom 40 MP, f/2.2, 13mm, 120˚ (ultrawide), PDAF Rear Camera",5750 mAh Battery,Kirin 9020 (7 nm) Processor,1 Year,Not Available,,,,
Huawei Mate 80 Pro,,,12 GB|256 GB,"6.75 inch, 110.3 cm 2 (~89.7% screen-to-body ratio) Display","50 MP, f/1.4-f/4.0, 24mm (wide), PDAF, OIS 48 MP, f/2.1, 93mm (periscope telephoto), PDAF, OIS, 4x optical zoom 40 MP, f/2.2, 13mm, 120˚ (ultrawide), PDAF Rear Camera",5750 mAh Battery,Kirin 9030 Pro (6 nm) (512GB / 1TB 16GB RAM) Kirin 9030 (6 nm) (256GB / 512GB 12GB RAM) Processor,1 Year,Not Available,,,,
Huawei Mate 80 Pro Max,,,16 GB|512 GB,"6.9 inch, 117.2 cm 2 (~90.2% screen-to-body ratio) Display","50 MP, f/1.4-f/4.0, 24mm (wide), PDAF, OIS 50 MP, f/2.1, 91mm (periscope telephoto), PDAF, OIS, 4x optical zoom 50 MP, f/3.2, 140mm (periscope telephoto), PDAF, OIS, 6.2x optical zoom 40 MP, f/2.2, 13mm, 120˚ (ultrawide), PDAF Rear Camera",6000 mAh Battery,Kirin 9030 Pro (6 nm) Processor,1 Year,Not Available,,,,
Huawei Mate 80 Pro Max Wind,,,16 GB|512 GB,"6.9 inch, 117.2 cm 2 (~90.2% screen-to-body ratio) Display","50 MP, f/1.4-f/4.0, 24mm (wide), PDAF, OIS 50 MP, f/2.1, 91mm (periscope telephoto), PDAF, OIS, 4x optical zoom 40 MP, f/2.2, 13mm, 120˚ (ultrawide), PDAF Rear Camera",6000 mAh Battery,Kirin 9030 Pro (6 nm) Processor,1 Year,Not Available,,,,
Huawei Mate 80 RS Ultimate,,,20 GB|512 GB,"6.9 inch, 117.2 cm 2 (~90.2% screen-to-body ratio) Display","50 MP, f/1.4-f/4.0, 24mm (wide), PDAF, OIS 50 MP, f/2.1, 91mm (periscope telephoto), PDAF, OIS, 4x optical zoom 50 MP, f/3.2, 140mm (periscope telephoto), PDAF, OIS, 6.2x optical zoom 40 MP, f/2.2, 13mm, 120˚ (ultrawide), PDAF Rear Camera",6000 mAh Battery,Kirin 9030 Pro (6 nm) Processor,1 Year,Not Available,,,,
Huawei Mate X7,,,12 GB|256 GB,"8.0 inch, 202.7 cm 2 (~89.6% screen-to-body ratio) Display","50 MP, f/1.5-f/4.0, 24mm (wide), 1/1.28"", PDAF, OIS* 50 MP, f/2.2, 81mm (periscope telephoto), PDAF, OIS, 3.5x optical zoom 40 MP, f/2.2, 13mm, 120˚ (ultrawide), PDAF *f/1.4-f/4.0 and 1/1.56"" sensor size for 12GB RAM model (China only) Rear Camera",5600 mAh or 5525 mAh (12GB RAM model only) Battery,Kirin 9030 Pro (6 nm) Processor,1 Year,Not Available,,,,
Huawei Mate XTs Ultimate,,,16 GB|256 GB,"10.2 inch, 315.5 cm 2 (~91.9% screen-to-body ratio) Display","50 MP, f/1.4-f/4.0, 24mm (wide), 1/1.56"", 1.0µm, PDAF, OIS 12 MP, f/3.4, 125mm (periscope telephoto), 1/3.6"", 1.0µm, PDAF, OIS, 5.5x optical zoom 40 MP, f/2.2, 13mm (ultrawide), PDAF Rear Camera",Si/C Li-Ion 5600 mAh Battery,Kirin 9020 (7 nm) Processor,1 Year,Not Available,,,,
Huawei MatePad 11.5 (2025),,,8 GB|128 GB,"11.5 inch, 387.2 cm 2 (~83.1% screen-to-body ratio) Display","13 MP, f/1.8, (wide), AF Rear Camera",10100 mAh Battery,Kirin T82B Processor,1 Year,Not Available,,,,
Huawei MatePad 11.5 (2026),,,8 GB|128 GB,"11.5 inch, 390.2 cm 2 (~83.7% screen-to-body ratio) Display","13 MP, f/1.8, (wide), AF Rear Camera",10100 mAh Battery,Kirin T82B Processor,1 Year,Not Available,,,,
Huawei MatePad 11.5 S (2025),,,8 GB|256 GB,"11.5 inch, 391.6 cm 2 (~84.6% screen-to-body ratio) Display","13 MP, f/1.8, (wide), AF Rear Camera",8800 mAh Battery,,1 Year,Not Available,,,,
Huawei MatePad 12 X (2025),,,12 GB|256 GB,"12.0 inch, 426.4 cm 2 (~86.3% screen-to-body ratio) Display","50 MP, f/1.8, (wide), PDAF Rear Camera",Li-Po 10100 mAh Battery,Kirin T92B Processor,1 Year,Not Available,,,,
Huawei MatePad Air (2025),,,8 GB|256 GB,"12.0 inch, 426.4 cm 2 (~86.3% screen-to-body ratio) Display","50 MP, f/1.8, (wide), PDAF 8 MP, f/2.2, (ultrawide) Rear Camera",Li-Po 10100 mAh Battery,,1 Year,Not Available,,,,
Huawei MatePad Air (2026),,,8 GB|256 GB,"12.0 inch, 426.4 cm 2 (~86.3% screen-to-body ratio) Display","50 MP, f/1.8, (wide), PDAF Rear Camera",Li-Po 10100 mAh Battery,Kirin T93C Processor,1 Year,Not Available,,,,
Huawei MatePad Edge,,,16 GB|256 GB,"14.2 inch, 600.4 cm 2 (~90.7% screen-to-body ratio) Display","50 MP, f/1.8, (wide), PDAF 8 MP, f/2.2, (ultrawide) Rear Camera",12900 mAh Battery,Kirin X90A Processor,1 Year,Not Available,,,,
Huawei MatePad Mini,,,8 GB|256 GB,"8.8 inch, 224.5 cm 2 (~88.8% screen-to-body ratio) Display","50 MP, f/1.8, (wide), PDAF 8 MP, f/2.2, (ultrawide) Rear Camera",6400 mAh Battery,,1 Year,Not Available,,,,
Huawei MatePad Pro Max,,,12 GB|256 GB,"13.2 inch, 518.8 cm 2 (~91.4% screen-to-body ratio) Display","50 MP, f/1.8, (wide), PDAF Rear Camera",10400 mAh (International) or 9760 mAh (Europe) Battery,Kirin T93 Pro Processor,1 Year,Not Available,,,,
Huawei Pura 80 Pro,,,12 GB|256 GB,"6.8 inch, 111.3 cm 2 (~89.7% screen-to-body ratio) Display","50 MP, f/1.6-4.0, 23mm (wide), 1.0""-type, dual pixel PDAF, OIS 48 MP, f/2.1, 93mm (telephoto), PDAF (5cm - ∞), OIS, 4x optical zoom 40 MP, f/2.2, 13mm (ultrawide), AF Rear Camera",Market-dependent versions: · Li-Po 5170 mAh - International · Li-Po 5700 mAh - China Battery,,1 Year,Not Available,,,,
Huawei Pura 80 Pro+,,,16 GB|512 GB,"6.8 inch, 111.3 cm 2 (~89.7% screen-to-body ratio) Display","50 MP, f/1.6-4.0, 23mm (wide), 1.0""-type, dual pixel PDAF, OIS 48 MP, f/2.1, 93mm (telephoto), PDAF (5cm - ∞), OIS, 4x optical zoom 40 MP, f/2.2, 13mm (ultrawide), AF Rear Camera",Li-Po 5700 mAh Battery,Kirin 9020 (7 nm) Processor,1 Year,Not Available,,,,
Huawei Pura 80 Ultra,,,16 GB|512 GB,"6.8 inch, 111.3 cm 2 (~89.7% screen-to-body ratio) Display","50 MP, f/1.6-4.0, 23mm (wide), 1.0""-type, dual pixel PDAF, OIS 50 MP, f/2.4, 83mm (periscope telephoto), 1/1.28"", PDAF, sensor-shift OIS, 3.7x optical zoom 12.5 MP, f/3.6, 212mm (periscope telephoto), PDAF, sensor-shift OIS, 9.4x optical zoom 40 MP, f/2.2, 13mm (ultrawide), AF * Both telephoto cameras utilize the same camera sensor w/o continuous optical zoom Rear Camera",Market-dependent versions: · Li-Po 5170 mAh - International · Li-Po 5700 mAh - China Battery,Kirin 9020 (7 nm) Processor,1 Year,Not Available,,,,
Huawei Pura 90,,,12 GB|256 GB,"6.8 inch, 113.6 cm 2 (~89.2% screen-to-body ratio) Display","50 MP, f/1.8, 24mm (wide), PDAF, OIS 50 MP, f/2.2, 88mm (periscope telephoto), PDAF, OIS, 3.7x optical zoom 12.5 MP, f/2.2, 13mm (ultrawide) Rear Camera",6500 mAh Battery,Kirin 9010s (7 nm) Processor,1 Year,Not Available,,,,
Huawei Pura 90 Pro,,,12 GB|256 GB,"6.6 inch, 105.9 cm 2 (~90.1% screen-to-body ratio) Display","50 MP, f/1.4-4.0, 24mm (wide), PDAF, OIS 50 MP, f/2.1, 91mm (telephoto), PDAF (5cm - ∞), OIS, 4x optical zoom 12.5 MP, f/2.2, 13mm (ultrawide), AF Rear Camera",Li-Po 6000 mAh Battery,Kirin 9030S (5 nm) Processor,1 Year,Not Available,,,,
Huawei Pura 90 Pro Max,,,12 GB|256 GB,"6.9 inch, 115.6 cm 2 (~91.5% screen-to-body ratio) Display","50 MP, f/1.4-4.0, 24mm (wide), PDAF, OIS 200 MP, f/2.6, 89mm (telephoto), PDAF, OIS, 4x optical zoom 40 MP, f/2.2, 13mm (ultrawide), AF Rear Camera",Li-Po 6000 mAh Battery,Kirin 9030S (5 nm) Processor,1 Year,Not Available,,,,
Huawei Pura 90s Pro,,,12 GB|256 GB,"6.6 inch, 105.5 cm 2 (~89.7% screen-to-body ratio) Display","50 MP, f/1.4-4.0, 24mm (wide), 1/1.28"", PDAF, OIS 50 MP, f/2.1, 91mm (telephoto), PDAF (5cm - ∞), OIS, 4x optical zoom 12.5 MP, f/2.2, 13mm (ultrawide), AF Rear Camera",6000 mAh (International) or 5500 mAh (Europe) Battery,Kirin 9030S (5 nm) Processor,1 Year,Not Available,,,,
Huawei Pura 90s Pro Max,,,12 GB|256 GB,"6.9 inch, 114.6 cm 2 (~90.7% screen-to-body ratio) Display","50 MP, f/1.4-4.0, 24mm (wide), 1/1.28"", PDAF, OIS 200 MP, f/2.6, 89mm (telephoto), 1/1.28"", PDAF, OIS, 4x optical zoom 40 MP, f/2.2, 13mm (ultrawide), AF Rear Camera",6000 mAh (International) or 5500 mAh (Europe) Battery,Kirin 9030S (5 nm) Processor,1 Year,Not Available,,,,
Huawei Pura X Max,,,12 GB|256 GB,"7.7 inch, 179.5 cm 2 (~89.8% screen-to-body ratio) Display","50 MP, f/1.4-4.0, 24mm (wide), PDAF, OIS 50 MP, f/2.2, 81mm (periscope telephoto), PDAF, OIS, 3.5x optical zoom 12.5 MP, f/2.2, 13mm (ultrawide), AF Rear Camera",5300 mAh Battery,Kirin 9030 Pro (6 nm) Processor,1 Year,Not Available,,,,
Huawei Watch Buds 2,,,,1.5 inch Display,,Li-Ion 410 mAh Battery,,1 Year,Not Available,,,,
Huawei Watch Fit 5,,,,1.82 inch Display,,Li-Ion 471 mAh Battery,,1 Year,Not Available,,,,
Huawei Watch Fit 5 Pro,,,,1.92 inch Display,,Li-Ion 471 mAh Battery,,1 Year,Not Available,,,,
Huawei Watch GT 6,,,,1.47 inch Display,,Li-Ion 867 mAh Battery,,1 Year,Not Available,,,,
Huawei Watch GT 6 Pro,,,,1.47 inch Display,,Li-Ion 867 mAh Battery,,1 Year,Not Available,,,,
Huawei Watch GT Runner 2,,,,1.32 inch Display,,Si/C Li-Ion 540 mAh Battery,,1 Year,Not Available,,,,
Huawei Watch Ultimate 2,,,,1.5 inch Display,,Li-Ion 867 mAh Battery,,1 Year,Not Available,,,,
Huawei Watch Ultimate Design Spring,,,,1.38 inch Display,,Li-Ion 540 mAh Battery,Kirin W80 Processor,1 Year,Not Available,,,,
Huawei nova 14 Lite,,,12 GB|256 GB,"6.7 inch, 108.3 cm 2 (~88.6% screen-to-body ratio) Display","50 MP, f/1.9, 23mm (wide), 1/1.56"", Dual Pixel PDAF 8 MP, f/2.2, 16mm, 112˚ (ultrawide), AF Rear Camera",5500 mAh Battery,,1 Year,Not Available,,,,
Huawei nova 14i,,,8 GB|128 GB,"6.95 inch, 117.4 cm 2 (~85.6% screen-to-body ratio) Display","50 MP, f/1.8, 26mm (wide), PDAF Auxiliary lens Rear Camera",Li-Po 7000 mAh Battery,Qualcomm Snapdragon 680 4G (6 nm) Processor,1 Year,Not Available,,,,
Huawei nova 15,,,12 GB|256 GB,"6.7 inch, 108.3 cm 2 (~88.6% screen-to-body ratio) Display","50 MP, f/1.9, 23mm (wide), 1/1.56"", Dual Pixel PDAF 12 MP, f/2.4, 69mm (telephoto), PDAF, OIS, 3x optical zoom Rear Camera",Si/C Li-Ion 6000 mAh Battery,Kirin 8020 Processor,1 Year,Not Available,,,,
Huawei nova 15 Max,,,8 GB|256 GB,"6.84 inch, 114.8 cm 2 (~90.2% screen-to-body ratio) Display","50 MP, f/1.9, (wide), 1/1.56"", dual-pixel PDAF Auxiliary lens Rear Camera",8500 mAh Battery,,1 Year,Not Available,,,,
Huawei nova 15 Pro,,,12 GB|256 GB,"6.84 inch, 115.0 cm 2 (~90.4% screen-to-body ratio) Display","50 MP, f/1.8, 24mm (wide), PDAF, OIS 12 MP, f/2.4, 69mm (telephoto), PDAF, OIS, 3x optical zoom 13 MP, f/2.2, 13mm, 120˚ (ultrawide), AF Rear Camera",Si/C Li-Ion 6500 mAh Battery,Kirin 9010S Processor,1 Year,Not Available,,,,
Huawei nova 15 Ultra,,,12 GB|256 GB,"6.84 inch, 115.0 cm 2 (~90.4% screen-to-body ratio) Display","50 MP, f/1.4-4.0, 24mm (wide), PDAF, OIS 50 MP, f/2.2, 88mm (periscope telephoto), PDAF, OIS, 3.7x optical zoom 50 MP, f/2.2, 13mm, 118˚ (ultrawide), AF Rear Camera",Si/C Li-Ion 6500 mAh Battery,Kirin 9010S Processor,1 Year,Not Available,,,,
Huawei nova 16,,,12 GB|256 GB,"6.68 inch, 108.9 cm 2 (~90.3% screen-to-body ratio) Display","50 MP, f/1.9, 23mm (wide), 1/1.56"", Dual Pixel PDAF 50 MP, f/2.6, 88mm (periscope telephoto), PDAF, OIS, 3.7x optical zoom Rear Camera",7000 mAh Battery,Kirin 9010S Processor,1 Year,Not Available,,,,
Huawei nova 16 Pro,,,12 GB|256 GB,"6.84 inch, 115.0 cm 2 (~90.4% screen-to-body ratio) Display","200 MP, f/1.8, 23mm (wide), 1/1.28"", PDAF, OIS 50 MP, f/2.6, 88mm (periscope telephoto), PDAF, OIS, 3.7x optical zoom 50 MP, f/2.2, 13mm, 118˚ (ultrawide), AF Rear Camera",7000 mAh Battery,Kirin 9010S Processor,1 Year,Not Available,,,,
Huawei nova 16 Ultra,,,12 GB|256 GB,"6.84 inch, 115.0 cm 2 (~90.4% screen-to-body ratio) Display","200 MP, f/1.8, 23mm (wide), 1/1.28"", PDAF, OIS 50 MP, f/2.2, 88mm (periscope telephoto), PDAF, OIS, 3.7x optical zoom 50 MP, f/2.2, 13mm, 118˚ (ultrawide), AF Rear Camera",7000 mAh Battery,Kirin 9010S Processor,1 Year,Not Available,,,,
Huawei nova 16z,,,12 GB|256 GB,"6.7 inch, 108.3 cm 2 (~88.6% screen-to-body ratio) Display","50 MP, f/1.9, 23mm (wide), 1/1.56"", Dual Pixel PDAF 12 MP, f/2.4, 69mm (telephoto), PDAF, OIS, 3x optical zoom Rear Camera",Si/C Li-Ion 6000 mAh Battery,Kirin 8020 Processor,1 Year,Not Available,,,,
Huawei nova Flip S,,,12 GB|256 GB,"6.94 inch, 111.4 cm 2 (~87.0% screen-to-body ratio) Display","50 MP, f/1.9, 23mm (wide), 1/1.56"", PDAF, OIS 8 MP, f/2.2, 112˚ (ultrawide) Rear Camera",Li-Po 4400 mAh Battery,Kirin 8030 Processor,1 Year,Not Available,,,,
Huawei nova Y74,,,8 GB|128 GB,"6.67 inch, 107.2 cm 2 (~84.3% screen-to-body ratio) Display","50 MP, f/1.8, (wide), PDAF Rear Camera",Si/C Li-Ion 6620 mAh Battery,,1 Year,Not Available,,,,
Infinix GT 20 Pro,,,8 GB|256 GB,"6.78 inch, 112.7 cm 2 (~91.0% screen-to-body ratio) Display","108 MP, f/1.8, 24mm (wide), 1/1.67"", 0.64µm, AF, OIS 2 MP (macro) Auxiliary lens Rear Camera",5000 mAh Battery,Mediatek Dimensity 8200 Ultimate (4 nm) Processor,1 Year,Not Available,,,,
Infinix GT 30,,,8 GB|128 GB,"6.78 inch, 111.0 cm 2 (~89.4% screen-to-body ratio) Display","64 MP, f/1.8, 23mm (wide), 1/1.73"", 0.8μm, PDAF 8 MP, f/2.2, 111˚, (ultrawide), AF Rear Camera",5500 mAh Battery,Mediatek Dimensity 7400 (4 nm) Processor,1 Year,Not Available,,,,
Infinix GT 30 Pro,,,8 GB|256 GB,"6.78 inch, 111.0 cm 2 (~89.4% screen-to-body ratio) Display","108 MP, f/1.9, (wide), 1/1.33"", 0.8µm, PDAF 8 MP, f/2.2, 111˚ (ultrawide), 1/4.0"", 1.0µm, AF Rear Camera",5200 mAh or 5500 mAh Battery,Mediatek Dimensity 8350 Ultimate (4 nm) Processor,1 Year,Not Available,,,,
Infinix GT 50 Pro,,,12 GB|256 GB,"6.78 inch, 106.6 cm 2 (~85.0% screen-to-body ratio) Display","50 MP, f/1.8, (wide), 0.8µm, PDAF, OIS 8 MP, f/2.2, 111˚ (ultrawide), 1/4.0"", 1.0µm, AF Rear Camera",6150 mAh or 6500 mAh Battery,Mediatek Dimensity 8400 Ultimate (4 nm) Processor,1 Year,Not Available,,,,
Infinix Hot 40 Pro,,,8 GB|128 GB,"6.78 inch, 109.2 cm 2 (~84.5% screen-to-body ratio) Display","108 MP, f/1.8, (wide), 1/1.67"", 0.64µm, AF 2 MP (macro) Auxiliary lens Rear Camera",5000 mAh Battery,Mediatek Helio G99 (6 nm) Processor,1 Year,Not Available,,,,
Infinix Hot 50,,,4 GB|128 GB,"6.7 inch, 108.4 cm 2 (~84.8% screen-to-body ratio) Display","48 MP, f/1.8, (wide), 1/2.0"", 0.8µm, AF Auxiliary lenses Rear Camera",Li-Po 5000 mAh Battery,Mediatek Dimensity 6300 (6 nm) Processor,1 Year,Not Available,,,,
Infinix Hot 50 4G,,,6 GB|128 GB,"6.78 inch, 109.2 cm 2 (~86.0% screen-to-body ratio) Display","50 MP, f/1.6, 27mm (wide), 1/2.76"", AF other unspecified cameras Rear Camera",5000 mAh Battery,Mediatek Helio G100 (6 nm) Processor,1 Year,Not Available,,,,
Infinix Hot 50 Pro 4G,,,8 GB|128 GB,"6.78 inch, 109.9 cm 2 (~86.1% screen-to-body ratio) Display","50 MP, f/1.6, 27mm (wide), 1/2.8"", AF Auxiliary lenses Rear Camera",5000 mAh Battery,Mediatek Helio G100 (6 nm) Processor,1 Year,Not Available,,,,
Infinix Hot 50 Pro+ 4G,,,8 GB|128 GB,"6.78 inch, 109.9 cm 2 (~90.0% screen-to-body ratio) Display","50 MP, f/1.6, 27mm (wide), 1/2.8"", AF Auxiliary lenses Rear Camera",5000 mAh Battery,Mediatek Helio G100 (6 nm) Processor,1 Year,Not Available,,,,
Infinix Hot 50i,,,4 GB|128 GB,"6.7 inch, 108.4 cm 2 (~84.8% screen-to-body ratio) Display","48 MP, f/1.8, (wide), 1/2.0"", 0.8µm, AF Auxiliary lens Rear Camera",5000 mAh Battery,Mediatek Helio G81 Processor,1 Year,Not Available,,,,
Infinix Hot 60,,,6 GB|128 GB,"6.7 inch, 108.4 cm 2 (~85.0% screen-to-body ratio) Display","50 MP, f/1.6, (wide), AF other unspecified cameras Rear Camera",5200 mAh Battery,Mediatek Dimensity 7020 (6 nm) Processor,1 Year,Not Available,,,,
Infinix Hot 60 Pro,,,8 GB|128 GB,"6.78 inch, 111.0 cm 2 (~89.4% screen-to-body ratio) Display","50 MP, f/1.6, 27mm (wide), 1/2.8"", 0.64µm, PDAF Auxiliary lens Rear Camera",5160 mAh Battery,Mediatek Helio G200 (6 nm) Processor,1 Year,Not Available,,,,
Infinix Hot 60 Pro+,,,6 GB|128 GB,"6.78 inch, 111.0 cm 2 (~89.3% screen-to-body ratio) Display","50 MP, f/1.8, 26mm (wide), 1/1.95"", 0.8µm, PDAF Auxiliary lens Rear Camera",5160 mAh Battery,Mediatek Helio G200 (6 nm) Processor,1 Year,Not Available,,,,
Infinix Hot 60i,,,4 GB|128 GB,"6.75 inch, 110.0 cm 2 (~84.6% screen-to-body ratio) Display","50 MP, f/1.6, (wide), AF Auxiliary lens Rear Camera",6000 mAh Battery,Mediatek Dimensity 6400 (6 nm) Processor,1 Year,Not Available,,,,
Infinix Hot 60i 4G,,,4 GB|128 GB,"6.7 inch, 108.4 cm 2 (~85.2% screen-to-body ratio) Display","50 MP, (wide), AF Auxiliary lens Rear Camera",5160 mAh Battery,Mediatek Helio G81 Ultimate (12 nm) Processor,1 Year,Not Available,,,,
Infinix Hot 70,,,4 GB|128 GB,"6.78 inch, 112.1 cm 2 (~84.4% screen-to-body ratio) Display","50 MP, f/1.9, (wide), AF Auxiliary lens Rear Camera",6000 mAh Battery,Mediatek Helio G100 Ultimate (6 nm) Processor,1 Year,Not Available,,,,
Infinix Hot 70 Pro,,,6 GB|128 GB,"6.76 inch, 110.3 cm 2 (~83.2% screen-to-body ratio) Display","50 MP, f/1.8, 25mm (wide), 1/1.95"", 0.8µm, PDAF Auxiliary lens Rear Camera",6000 mAh or 5600 mAh Battery,Mediatek Dimensity 7100 (6 nm) Processor,1 Year,Not Available,,,,
Infinix Note 40,,,8 GB|256 GB,"6.78 inch, 109.9 cm 2 (~89.9% screen-to-body ratio) Display","108 MP, f/1.9, (wide), 1/1.52"", PDAF 2 MP, f/2.4 3rd unspecified camera Rear Camera",5000 mAh Battery,Mediatek Helio G99 Ultimate Processor,1 Year,Not Available,,,,
Infinix Note 40 5G,,,8 GB|256 GB,"6.78 inch, 109.9 cm 2 (~87.5% screen-to-body ratio) Display","108 MP, f/1.8, 24mm (wide), PDAF 2 MP, f/2.4 2 MP, f/2.4 Rear Camera",5000 mAh Battery,Mediatek Dimensity 7020 (6 nm) Processor,1 Year,Not Available,,,,
Infinix Note 40 Pro,,,8 GB|256 GB,"6.78 inch, 109.9 cm 2 (~89.8% screen-to-body ratio) Display","108 MP, f/1.8, (wide), PDAF, OIS 2 MP, f/2.4 2 MP, f/2.4 Rear Camera",5000 mAh Battery,Mediatek Dimensity 7020 (6 nm) Processor,1 Year,Not Available,,,,
Infinix Note 40 Pro 4G,,,8 GB|256 GB,"6.78 inch, 109.9 cm 2 (~89.6% screen-to-body ratio) Display","108 MP, f/1.8, (wide), 1/1.67"", PDAF, OIS 2 MP, f/2.4 2 MP, f/2.4 Rear Camera",5000 mAh Battery,Mediatek Helio G99 Ultimate Processor,1 Year,Not Available,,,,
Infinix Note 40 Pro+,,,12 GB|256 GB,"6.78 inch, 109.9 cm 2 (~89.8% screen-to-body ratio) Display","108 MP, f/1.8, 24mm (wide), 1/1.67"", 0.64µm, PDAF, OIS 2 MP, f/2.4 2 MP, f/2.4 Rear Camera",4600 mAh Battery,Mediatek Dimensity 7020 (6 nm) Processor,1 Year,Not Available,,,,
Infinix Note 40S,,,8 GB|256 GB,"6.78 inch, 109.9 cm 2 (~89.8% screen-to-body ratio) Display","108 MP, f/1.9, 24mm (wide), 1/1.52"", PDAF 2 MP (macro) 3rd unspecified camera Rear Camera",5000 mAh Battery,Mediatek Helio G99 Ultimate Processor,1 Year,Not Available,,,,
Infinix Note 40X 5G,,,8 GB|256 GB,"6.78 inch, 109.2 cm 2 (~84.5% screen-to-body ratio) Display","108 MP, f/1.8, (wide), PDAF 2 MP (macro) Auxiliary lens Rear Camera",5000 mAh Battery,Mediatek Dimensity 6300 (6 nm) Processor,1 Year,Not Available,,,,
Infinix Note 50 4G,,,8 GB|256 GB,"6.78 inch, 109.9 cm 2 (~90.4% screen-to-body ratio) Display","50 MP, f/1.9, (wide), 1/1.57"", 1.0µm, PDAF, OIS 2 MP (macro) Rear Camera",5200 mAh Battery,Mediatek Helio G100 Ultimate (6 nm) Processor,1 Year,Not Available,,,,
Infinix Note 50 Pro 4G,,,8 GB|256 GB,"6.78 inch, 109.9 cm 2 (~90.4% screen-to-body ratio) Display","50 MP, f/1.9, (wide), 1/1.57"", 1.0µm, PDAF, OIS 8 MP, f/2.2, 15mm, 112˚ (ultrawide) Rear Camera",5200 mAh Battery,Mediatek Helio G100 Ultimate (6 nm) Processor,1 Year,Not Available,,,,
Infinix Note 50 Pro+,,,12 GB|256 GB,"6.78 inch, 109.9 cm 2 (~90.3% screen-to-body ratio) Display","50 MP, f/1.9, 24mm (wide), 1/1.56"", 1.0µm, multi-directional PDAF, OIS 50 MP, f/2.4, 70mm (periscope telephoto), 1/2.76"", 0.64µm, multi-directional PDAF, OIS, 3x optical zoom 8 MP, f/2.2, 15mm, 112˚ (ultrawide), 1/4.0"", 1.12µm Rear Camera",Si/C Li-Ion 5200 mAh Battery,Mediatek Dimensity 8350 Ultimate (4 nm) Processor,1 Year,Not Available,,,,
Infinix Note 50s,,,6 GB|128 GB,"6.78 inch, 109.9 cm 2 (~89.8% screen-to-body ratio) Display","64 MP, f/1.8, (wide), 1/1.73"", 0.8µm, PDAF 2 MP Rear Camera",5500 mAh Battery,Mediatek Dimensity 7300 Ultimate (4 nm) Processor,1 Year,Not Available,,,,
Infinix Note 50x,,,6 GB|128 GB,"6.67 inch, 107.4 cm 2 (~85.0% screen-to-body ratio) Display","50 MP, f/1.6, (wide), PDAF Rear Camera",5500 mAh Battery,Mediatek Dimensity 7300 Ultimate (4 nm) Processor,1 Year,Not Available,,,,
Infinix Note 60,,,8 GB|128 GB,"6.78 inch, 112.1 cm 2 (~89.4% screen-to-body ratio) Display","50 MP, f/1.6, (wide), 0.8µm, PDAF, OIS 8 MP, f/2.2, 112˚ (ultrawide), 1.12µm Rear Camera",6150 mAh or 6500 mAh Battery,Mediatek Dimensity 7400 Ultimate (4 nm) Processor,1 Year,Not Available,,,,
Infinix Note 60 Pro,,,8 GB|128 GB,"6.78 inch, 112.1 cm 2 (~89.4% screen-to-body ratio) Display","50 MP, f/1.6, 27mm (wide), 1/1.95"", 0.8µm, PDAF (9cm - ∞), OIS 8 MP, f/2.2, 15mm, 112˚ (ultrawide), 1/4.0"", 1.12µm Rear Camera",6000 mAh or 6500 mAh Battery,Qualcomm SM7635-AC Snapdragon 7s Gen 4 (4 nm) Processor,1 Year,Not Available,,,,
Infinix Note 60 Ultra,,,12 GB|256 GB,"6.78 inch, 112.1 cm 2 (~89.5% screen-to-body ratio) Display","200 MP, f/1.7, 23mm (wide), 1/1.4"", 0.56µm, dual-pixel PDAF, OIS 50 MP, f/2.9, 80mm (periscope telephoto), 1/2.76"", 0.64µm, dual-pixel PDAF, OIS, 3.5x optical zoom 8 MP, f/2.2, 112˚ (ultrawide), 1.12µm Rear Camera",Si/C Li-Ion 7000 mAh Battery,Mediatek Dimensity 8400 Ultimate (4 nm) Processor,1 Year,Not Available,,,,
Infinix Note Edge,,,8 GB|128 GB,"6.78 inch, 112.1 cm 2 (~88.8% screen-to-body ratio) Display","50 MP, (wide), 1/2.0"", 0.8µm, PDAF Rear Camera",6500 mAh Battery,Mediatek Dimensity 7100 (6 nm) Processor,1 Year,Not Available,,,,
Infinix Smart 10,,,3 GB|64 GB,"6.67 inch, 107.4 cm 2 (~84.2% screen-to-body ratio) Display","8 MP, f/2.0, (wide), 1/4.0"", 1.12µm, AF Rear Camera",5000 mAh Battery,Unisoc T7250 (12 nm) Processor,1 Year,Not Available,,,,
Infinix Smart 10 HD,,,2 GB|64 GB,"6.6 inch, 104.6 cm 2 (~84.6% screen-to-body ratio) Display","13 MP, f/1.9, 27mm (wide), AF Rear Camera",5000 mAh Battery,(12 nm) Processor,1 Year,Not Available,,,,
Infinix Smart 10 Plus,,,4 GB|128 GB,"6.67 inch, 107.4 cm 2 (~84.2% screen-to-body ratio) Display","8 MP, f/2.0, (wide), 1/4.0"", 1.12µm, AF Rear Camera",6000 mAh Battery,Unisoc T7250 (12 nm) Processor,1 Year,Not Available,,,,
Infinix Smart 20,,,4 GB|64 GB,"6.78 inch, 109.5 cm 2 (~82.9% screen-to-body ratio) Display","8 MP, f/2.0, (wide), 1/4.0"", 1.12µm, AF Rear Camera",5200 mAh Battery,Mediatek Helio G81 Ultimate (12 nm) Processor,1 Year,Not Available,,,,
Infinix Smart 8 (India),,,4 GB|64 GB,"6.6 inch, 104.6 cm 2 (~84.6% screen-to-body ratio) Display","50 MP, (wide), AF Auxiliary lens Rear Camera",5000 mAh Battery,Mediatek Helio G36 (12 nm) Processor,1 Year,Not Available,,,,
Infinix Smart 8 HD,,,3 GB|64 GB,"6.6 inch, 104.6 cm 2 (~84.6% screen-to-body ratio) Display","13 MP, f/1.8, 27mm (wide), AF Auxiliary lens Rear Camera",5000 mAh Battery,Unisoc T606 (12 nm) Processor,1 Year,Not Available,,,,
Infinix Smart 8 Plus,,,4 GB|64 GB,"6.6 inch, 104.6 cm 2 (~84.4% screen-to-body ratio) Display","50 MP, f/1.9, (wide), AF Auxiliary lens Rear Camera",6000 mAh Battery,Mediatek Helio G36 (12 nm) Processor,1 Year,Not Available,,,,
Infinix Smart 8 Pro,,,4 GB|64 GB,"6.6 inch, 104.6 cm 2 (~84.6% screen-to-body ratio) Display","50 MP, f/1.9, (wide), AF Auxiliary lens Rear Camera",5000 mAh Battery,Mediatek Helio G36 (12 nm) Processor,1 Year,Not Available,,,,
Infinix Smart 9,,,3 GB|64 GB,"6.7 inch, 108.4 cm 2 (~84.8% screen-to-body ratio) Display","13 MP, f/1.9, 27mm (wide), 1/3.07"", 1.12µm, AF Auxiliary lens Rear Camera",5000 mAh Battery,Mediatek Helio G81 Processor,1 Year,Not Available,,,,
Infinix Smart 9 HD,,,3 GB|64 GB,"6.7 inch, 108.4 cm 2 (~84.8% screen-to-body ratio) Display","13 MP, f/1.9, 27mm (wide), AF Auxiliary lens Rear Camera",5000 mAh Battery,Mediatek Helio Processor,1 Year,Not Available,,,,
Infinix Xpad,,,4 GB|128 GB,"11.0 inch, 350.9 cm 2 (~81.0% screen-to-body ratio) Display",8 MP Rear Camera,Li-Po 7000 mAh Battery,Mediatek Helio G99 (6 nm) Processor,1 Year,Not Available,,,,
Infinix Xpad 20,,,4 GB|128 GB,"11.0 inch, 350.9 cm 2 (~80.5% screen-to-body ratio) Display",8 MP Rear Camera,7000 mAh Battery,Mediatek Helio G88 (12 nm) Processor,1 Year,Not Available,,,,
Infinix Xpad 20 Pro,,,4 GB|128 GB,"12.0 inch, 409.9 cm 2 (~84.7% screen-to-body ratio) Display","8 MP, f/2.0, AF Rear Camera",8000 mAh Battery,Mediatek Helio G100 Ultimate (6 nm) Processor,1 Year,Not Available,,,,
Infinix Xpad GT,,,8 GB|256 GB,"13.0 inch, 494.7 cm 2 (~88.7% screen-to-body ratio) Display","13 MP, f/2.0, AF Rear Camera",10000 mAh Battery,Qualcomm SM8350 Snapdragon 888 5G (5 nm) Processor,1 Year,Not Available,,,,
Infinix Zero 40,,,12 GB|256 GB,"6.78 inch, 109.9 cm 2 (~89.4% screen-to-body ratio) Display","108 MP, f/1.8, (wide), 1/1.67"", PDAF, OIS 50 MP, f/2.0, 120˚, (ultrawide), 1/2.76"", PDAF Auxiliary lens Rear Camera",5000 mAh Battery,Mediatek Dimensity 8200 Ultimate (4 nm) Processor,1 Year,Not Available,,,,
Infinix Zero 40 4G,,,8 GB|256 GB,"6.78 inch, 109.9 cm 2 (~89.7% screen-to-body ratio) Display","108 MP, f/1.8, (wide), 1/1.67"", PDAF, OIS 50 MP, f/2.0, 120˚, (ultrawide), 1/2.76"", PDAF Auxiliary lens Rear Camera",5000 mAh Battery,Mediatek Helio G100 (6 nm) Processor,1 Year,Not Available,,,,
Infinix Zero Flip,,,8 GB|256 GB,"6.9 inch, 107.6 cm 2 (~86.1% screen-to-body ratio) Display","50 MP, f/1.9, 24mm (wide), 1/1.57"", 1.0µm, PDAF, OIS 50 MP, f/2.2, 115˚ (ultrawide), 1/2.8"", 0.64µm, PDAF Rear Camera",4720 mAh Battery,Mediatek Dimensity 8020 (6 nm) Processor,1 Year,Not Available,,,,
Lava Agni 2,,,8 GB|256 GB,"6.78 inch, 111.0 cm 2 (~90.5% screen-to-body ratio) Display","50 MP, f/1.9, (wide), 1/1.55"", 1.0µm, PDAF 8 MP, (ultrawide) 2 MP (macro) Auxiliary lens Rear Camera",Li-Po 4700 mAh Battery,Mediatek Dimensity 7050 (6 nm) Processor,1 Year,Not Available,,,,
Lava Agni 3,,,8 GB|128 GB,"6.78 inch, 111.4 cm 2 (~90.1% screen-to-body ratio) Display","50 MP, (wide), 1/1.55"", 1.0µm, PDAF, OIS 8 MP, (telephoto), 1.0µm, PDAF, 3x optical zoom 8 MP, 112˚ (ultrawide) Rear Camera",Li-Po 5000 mAh Battery,Mediatek Dimensity 7300X (4 nm) Processor,1 Year,Not Available,,,,
Lava Agni 4,,,8 GB|256 GB,"6.67 inch, 107.4 cm 2 (~88.7% screen-to-body ratio) Display","50 MP, f/1.9, (wide), 1/1.55"", 1.0µm, PDAF, OIS 8 MP, 112˚ (ultrawide) Rear Camera",Li-Po 5000 mAh Battery,Mediatek Dimensity 8350 (4 nm) Processor,1 Year,Not Available,,,,
Lava Blaze 1X,,,6 GB|128 GB,"6.5 inch, 102.0 cm 2 (~80.8% screen-to-body ratio) Display","50 MP, (wide), AF 2 MP 0.3 MP Rear Camera",Li-Po 5000 mAh Battery,Mediatek Dimensity 700 (7 nm) Processor,1 Year,Not Available,,,,
Lava Blaze 2,,,6 GB|128 GB,"6.5 inch, 102.0 cm 2 (~81.2% screen-to-body ratio) Display","13 MP, (wide), AF 2 MP Rear Camera",Li-Po 5000 mAh Battery,Unisoc Tiger T616 (12 nm) Processor,1 Year,Not Available,,,,
Lava Blaze 2 5G,,,4 GB|64 GB,"6.56 inch, 103.9 cm 2 (~83.3% screen-to-body ratio) Display","50 MP, (wide), AF Auxiliary lens Rear Camera",Li-Po 5000 mAh Battery,Mediatek Dimensity 6020 (7 nm) Processor,1 Year,Not Available,,,,
Lava Blaze 2 Pro,,,8 GB|128 GB,"6.5 inch, 102.0 cm 2 (~83.2% screen-to-body ratio) Display","50 MP, (wide), AF 2 MP 2 MP Rear Camera",Li-Po 5000 mAh Battery,Unisoc Tiger T616 (12 nm) Processor,1 Year,Not Available,,,,
Lava Blaze 3 5G,,,6 GB|128 GB,"6.56 inch, 103.9 cm 2 (~83.0% screen-to-body ratio) Display","50 MP, (wide), AF 2 MP Rear Camera",Li-Po 5000 mAh Battery,Mediatek Dimensity 6300 (6 nm) Processor,1 Year,Not Available,,,,
Lava Blaze 5G,,,4 GB|128 GB,"6.52 inch, 102.6 cm 2 (~81.3% screen-to-body ratio) Display","50 MP, (wide), 0.64µm, AF 2 MP (macro) 0.3 MP Rear Camera",Li-Po 5000 mAh Battery,Mediatek Dimensity 700 (7 nm) Processor,1 Year,Not Available,,,,
Lava Blaze Amoled 2,,,6 GB|128 GB,"6.67 inch, 107.4 cm 2 (~86.5% screen-to-body ratio) Display","50 MP, (wide), AF Auxiliary lens Rear Camera",Li-Po 5000 mAh Battery,Mediatek Dimensity 7060 (6 nm) Processor,1 Year,Not Available,,,,
Lava Blaze Curve,,,8 GB|128 GB,"6.67 inch, 107.4 cm 2 (~89.7% screen-to-body ratio) Display","64 MP, (wide), PDAF 8 MP, (ultrawide) 2 MP (macro) Rear Camera",Li-Po 5000 mAh Battery,Mediatek Dimensity 7050 (6 nm) Processor,1 Year,Not Available,,,,
Lava Blaze Dragon,,,4 GB|128 GB,"6.75 inch, 137.5 cm 2 (~105.0% screen-to-body ratio) Display","50 MP, (wide), 1/2.8"" 2 MP Rear Camera",Li-Po 5000 mAh Battery,Qualcomm SM4450 Snapdragon 4 Gen 2 (4 nm) Processor,1 Year,Not Available,,,,
Lava Blaze Duo,,,6 GB|128 GB,"6.67 inch, 107.4 cm 2 (~89.5% screen-to-body ratio) Display","64 MP, (wide), PDAF 2 MP (macro) Rear Camera",Li-Po 5000 mAh Battery,Mediatek Dimensity 7025 (6 nm) Processor,1 Year,Not Available,,,,
Lava Blaze Duo 3,,,6 GB|128 GB,"6.67 inch, 107.4 cm 2 (~86.5% screen-to-body ratio) Display","50 MP, (wide), PDAF Auxiliary lens Rear Camera",Li-Po 5000 mAh Battery,Mediatek Dimensity 7060 (6 nm) Processor,1 Year,Not Available,,,,
Lava Blaze Nxt,,,4 GB|64 GB,"6.52 inch, 102.6 cm 2 (~81.6% screen-to-body ratio) Display","13 MP, (wide), AF 2 MP VGA Rear Camera",Li-Ion 5000 mAh Battery,Mediatek MT6765 Helio G37 (12 nm) Processor,1 Year,Not Available,,,,
Lava Blaze Pro 5G,,,8 GB|128 GB,"6.78 inch, 109.2 cm 2 (~84.4% screen-to-body ratio) Display","50 MP, (wide), AF Auxiliary lens Rear Camera",Li-Po 5000 mAh Battery,Mediatek Dimensity 6020 (7 nm) Processor,1 Year,Not Available,,,,
Lava Blaze X,,,4 GB|64 GB,"6.67 inch, 107.4 cm 2 (~89.5% screen-to-body ratio) Display","64 MP, (wide), AF, OIS 2 MP (macro) Rear Camera",Li-Po 5000 mAh Battery,Mediatek Dimensity 6300 (6 nm) Processor,1 Year,Not Available,,,,
Lava Bold,,,4 GB|128 GB,"6.67 inch, 107.4 cm 2 (~89.5% screen-to-body ratio) Display","64 MP, (wide), AF 2 MP (macro) Rear Camera",Li-Po 5000 mAh Battery,Mediatek Dimensity 6300 (6 nm) Processor,1 Year,Not Available,,,,
Lava Bold N1,,,4 GB|64 GB,"6.75 inch, 110.0 cm 2 (~86.6% screen-to-body ratio) Display","13 MP, (wide) Rear Camera",Li-Ion 5000 mAh Battery,Unisoc T765 (6 nm) Processor,1 Year,Not Available,,,,
Lava Bold N1 4G,,,4 GB|64 GB,"6.75 inch, 110.0 cm 2 (~87.6% screen-to-body ratio) Display","13 MP, f/2.0, (wide), 1/3.1"", 1.12µm, PDAF Rear Camera",Li-Ion 5000 mAh Battery,Unisoc SC9863A (28 nm) Processor,1 Year,Not Available,,,,
Lava Bold N1 Pro,,,4 GB|128 GB,"6.67 inch, 107.4 cm 2 (~83.9% screen-to-body ratio) Display","50 MP, (wide), PDAF Rear Camera",Li-Ion 5000 mAh Battery,Unisoc T606 (12 nm) Processor,1 Year,Not Available,,,,
Lava Bold N2 Lite,,,3 GB|64 GB,"6.75 inch, 110.0 cm 2 (~87.6% screen-to-body ratio) Display",13 MP Rear Camera,Li-Ion 5000 mAh Battery,Unisoc SC9863A (28 nm) Processor,1 Year,Not Available,,,,
Lava Bold N2 Pro,,,4 GB|128 GB,"6.75 inch, 110.0 cm 2 Display","50 MP, (wide) Rear Camera",Li-Ion 5000 mAh Battery,Unisoc T7250 (12 nm) Processor,1 Year,Not Available,,,,
Lava O1,,,4 GB|64 GB,"6.56 inch, 103.9 cm 2 (~84.3% screen-to-body ratio) Display",13 MP Rear Camera,Li-Po 5000 mAh Battery,Unisoc T606 (12 nm) Processor,1 Year,Not Available,,,,
Lava O2,,,8 GB|128 GB,"6.5 inch, 102.0 cm 2 (~81.2% screen-to-body ratio) Display","50 MP, (wide), AF Auxiliary lens Rear Camera",Li-Po 5000 mAh Battery,Unisoc Tiger T616 (12 nm) Processor,1 Year,Not Available,,,,
Lava Play Max,,,6 GB|128 GB,"6.72 inch, 109.0 cm 2 Display","50 MP, (wide), PDAF secondary unspecified camera Rear Camera",5000 mAh Battery,Mediatek Dimensity 7300 (4 nm) Processor,1 Year,Not Available,,,,
Lava Play Ultra,,,6 GB|128 GB,"6.67 inch, 107.4 cm 2 (~87.9% screen-to-body ratio) Display","64 MP, (wide), 1/1.7"", PDAF 5 MP (macro) Rear Camera",Li-Po 5000 mAh Battery,Mediatek Dimensity 7300 (4 nm) Processor,1 Year,Not Available,,,,
Lava Prowatch V1,,,,1.85 inch Display,,Li-Ion 270 mAh Battery,,1 Year,Not Available,,,,
Lava Prowatch VN,,,,1.96 inch Display,,Li-Ion 230 mAh Battery,,1 Year,Not Available,,,,
Lava Prowatch ZN,,,,1.43 inch Display,,Li-Ion 350 mAh Battery,,1 Year,Not Available,,,,
Lava Shark 4G,,,4 GB|64 GB,"6.67 inch, 103.7 cm 2 (~81.0% screen-to-body ratio) Display","50 MP, (wide), AF Rear Camera",Li-Ion 5000 mAh Battery,Unisoc T606 (12 nm) Processor,1 Year,Not Available,,,,
